exchange,tradingsymbol,yahoo_symbol
BSE,08AGG,08AGG.BO
BSE,08GPG,08GPG.BO
BSE,08MPD,08MPD.BO
BSE,11AGG,11AGG.BO
BSE,11AMD,11AMD.BO
BSE,11AQD,11AQD.BO
BSE,11DPD,11DPD.BO
BSE,11DPR,11DPR.BO
BSE,11GPG,11GPG.BO
BSE,11MPD,11MPD.BO
BSE,11MPR,11MPR.BO
BSE,11QPD,11QPD.BO
BSE,11QPR,11QPR.BO
BSE,1STCUS,1STCUS.BO
BSE,20MICRONS,20MICRONS.BO
BSE,21STCENMGM,21STCENMGM.BO
BSE,360ONE,360ONE.BO
BSE,3BBLACKBIO,3BBLACKBIO.BO
BSE,3BFILMS,3BFILMS.BO
BSE,3CIT,3CIT.BO
BSE,3IINFOLTD,3IINFOLTD.BO
BSE,3MINDIA,3MINDIA.BO
BSE,3PLAND,3PLAND.BO
BSE,5PAISA,5PAISA.BO
BSE,63MOONS,63MOONS.BO
BSE,7NR,7NR.BO
BSE,7SEASL,7SEASL.BO
BSE,7TEC,7TEC.BO
BSE,A1L,A1L.BO
BSE,A2ZINFRA,A2ZINFRA.BO
BSE,AAATECH,AAATECH.BO
BSE,AADHARHFC,AADHARHFC.BO
BSE,AAIL,AAIL.BO
BSE,AANCHALISP,AANCHALISP.BO
BSE,AAPLUSTRAD,AAPLUSTRAD.BO
BSE,AARCON,AARCON.BO
BSE,AAREYDRUGS,AAREYDRUGS.BO
BSE,AARNAV,AARNAV.BO
BSE,AARSHYAM,AARSHYAM.BO
BSE,AARTECH,AARTECH.BO
BSE,AARTIDRUGS,AARTIDRUGS.BO
BSE,AARTIIND,AARTIIND.BO
BSE,AARTIPHARM,AARTIPHARM.BO
BSE,AARTISURF,AARTISURF.BO
BSE,AARVI,AARVI.BO
BSE,AASHKA,AASHKA.BO
BSE,AASTAFIN,AASTAFIN.BO
BSE,AASTHA,AASTHA.BO
BSE,AAVAS,AAVAS.BO
BSE,AAYUSH,AAYUSH.BO
BSE,AAYUSHBULL,AAYUSHBULL.BO
BSE,ABAN,ABAN.BO
BSE,ABANSENT,ABANSENT.BO
BSE,ABATEAS,ABATEAS.BO
BSE,ABB,ABB.BO
BSE,ABBOTINDIA,ABBOTINDIA.BO
BSE,ABCAPITAL,ABCAPITAL.BO
BSE,ABCINDQ,ABCINDQ.BO
BSE,ABCOTS,ABCOTS.BO
BSE,ABDL,ABDL.BO
BSE,ABFRL,ABFRL.BO
BSE,ABHICAP,ABHICAP.BO
BSE,ABHIFIN,ABHIFIN.BO
BSE,ABHIINFRA,ABHIINFRA.BO
BSE,ABINFRA,ABINFRA.BO
BSE,ABIRAFN,ABIRAFN.BO
BSE,ABLBL,ABLBL.BO
BSE,ABMKNO,ABMKNO.BO
BSE,ABREL,ABREL.BO
BSE,ABRFL,ABRFL.BO
BSE,ABRIL,ABRIL.BO
BSE,ABSL10BANK,ABSL10BANK.BO
BSE,ABSLAMC,ABSLAMC.BO
BSE,ABSLBANETF,ABSLBANETF.BO
BSE,ABSLMSCIN,ABSLMSCIN.BO
BSE,ABSLNN50ET,ABSLNN50ET.BO
BSE,ABSLPSE,ABSLPSE.BO
BSE,ABVL,ABVL.BO
BSE,ACC,ACC.BO
BSE,ACCEDERE,ACCEDERE.BO
BSE,ACCEL,ACCEL.BO
BSE,ACCELYA,ACCELYA.BO
BSE,ACCORDTS,ACCORDTS.BO
BSE,ACCURACY,ACCURACY.BO
BSE,ACE,ACE.BO
BSE,ACEALPHA,ACEALPHA.BO
BSE,ACEENGITEC,ACEENGITEC.BO
BSE,ACEMEN,ACEMEN.BO
BSE,ACESOFT,ACESOFT.BO
BSE,ACFSL,ACFSL.BO
BSE,ACGL,ACGL.BO
BSE,ACHYUT,ACHYUT.BO
BSE,ACI,ACI.BO
BSE,ACIIN,ACIIN.BO
BSE,ACKNIT,ACKNIT.BO
BSE,ACL,ACL.BO
BSE,ACLD,ACLD.BO
BSE,ACME,ACME.BO
BSE,ACMESOLAR,ACMESOLAR.BO
BSE,ACML,ACML.BO
BSE,ACROW,ACROW.BO
BSE,ACSTECH,ACSTECH.BO
BSE,ACTIVE,ACTIVE.BO
BSE,ACUTAAS,ACUTAAS.BO
BSE,ADANIENSOL,ADANIENSOL.BO
BSE,ADANIENT,ADANIENT.BO
BSE,ADANIGREEN,ADANIGREEN.BO
BSE,ADANIPORTS,ADANIPORTS.BO
BSE,ADANIPOWER,ADANIPOWER.BO
BSE,ADARSHPL,ADARSHPL.BO
BSE,ADCINDIA,ADCINDIA.BO
BSE,ADCON,ADCON.BO
BSE,ADCOUNTY,ADCOUNTY.BO
BSE,ADDIND,ADDIND.BO
BSE,ADESHWAR,ADESHWAR.BO
BSE,ADFFOODS,ADFFOODS.BO
BSE,ADHBHUTIN,ADHBHUTIN.BO
BSE,ADHHATA,ADHHATA.BO
BSE,ADINATH,ADINATH.BO
BSE,ADISHAKTI,ADISHAKTI.BO
BSE,ADITYA,ADITYA.BO
BSE,ADITYASP,ADITYASP.BO
BSE,ADJIA,ADJIA.BO
BSE,ADL,ADL.BO
BSE,ADLINE,ADLINE.BO
BSE,ADMACH,ADMACH.BO
BSE,ADMANUM,ADMANUM.BO
BSE,ADON,ADON.BO
BSE,ADOR,ADOR.BO
BSE,ADROITINFO,ADROITINFO.BO
BSE,ADSL,ADSL.BO
BSE,ADTECH,ADTECH.BO
BSE,ADVAIT,ADVAIT.BO
BSE,ADVANCE,ADVANCE.BO
BSE,ADVANCETL,ADVANCETL.BO
BSE,ADVANIHOTR,ADVANIHOTR.BO
BSE,ADVENTHTL,ADVENTHTL.BO
BSE,ADVENZYMES,ADVENZYMES.BO
BSE,ADVIKCA,ADVIKCA.BO
BSE,ADVLIFE,ADVLIFE.BO
BSE,ADVMULT,ADVMULT.BO
BSE,ADVPETR-B,ADVPETR-B.BO
BSE,AEGEUS,AEGEUS.BO
BSE,AEGISLOG,AEGISLOG.BO
BSE,AEGISVOPAK,AEGISVOPAK.BO
BSE,AEIM,AEIM.BO
BSE,AEL,AEL.BO
BSE,AEONXDIGI,AEONXDIGI.BO
BSE,AEPL,AEPL.BO
BSE,AEQUS,AEQUS.BO
BSE,AEROENTER,AEROENTER.BO
BSE,AEROFLEX,AEROFLEX.BO
BSE,AERONEU,AERONEU.BO
BSE,AEROPLANE,AEROPLANE.BO
BSE,AERPACE,AERPACE.BO
BSE,AETHER,AETHER.BO
BSE,AFCOM,AFCOM.BO
BSE,AFCONS,AFCONS.BO
BSE,AFEL,AFEL.BO
BSE,AFFLE,AFFLE.BO
BSE,AFFORDABLE,AFFORDABLE.BO
BSE,AFIL,AFIL.BO
BSE,AFLTD,AFLTD.BO
BSE,AFSL,AFSL.BO
BSE,AGARIND,AGARIND.BO
BSE,AGARWAL,AGARWAL.BO
BSE,AGARWALEYE,AGARWALEYE.BO
BSE,AGI,AGI.BO
BSE,AGIIL,AGIIL.BO
BSE,AGIOPAPER,AGIOPAPER.BO
BSE,AGL,AGL.BO
BSE,AGOL,AGOL.BO
BSE,AGRIBIO,AGRIBIO.BO
BSE,AGRITECH,AGRITECH.BO
BSE,AGSTRA,AGSTRA.BO
BSE,AGVENTURES,AGVENTURES.BO
BSE,AHASOLAR,AHASOLAR.BO
BSE,AHCL,AHCL.BO
BSE,AHLEAST,AHLEAST.BO
BSE,AHLUCONT,AHLUCONT.BO
BSE,AHLWEST,AHLWEST.BO
BSE,AHMDSTE,AHMDSTE.BO
BSE,AIAENG,AIAENG.BO
BSE,AICHAMP,AICHAMP.BO
BSE,AIHL,AIHL.BO
BSE,AIIL,AIIL.BO
BSE,AIKPIPES,AIKPIPES.BO
BSE,AIMCOPEST,AIMCOPEST.BO
BSE,AIML,AIML.BO
BSE,AIRAN,AIRAN.BO
BSE,AIRFLOA,AIRFLOA.BO
BSE,AJANTPHARM,AJANTPHARM.BO
BSE,AJANTSOY,AJANTSOY.BO
BSE,AJAXENGG,AJAXENGG.BO
BSE,AJCJEWEL,AJCJEWEL.BO
BSE,AJCON,AJCON.BO
BSE,AJMERA,AJMERA.BO
BSE,AJWAFUN,AJWAFUN.BO
BSE,AKCAPIT,AKCAPIT.BO
BSE,AKI,AKI.BO
BSE,AKSHAR,AKSHAR.BO
BSE,AKSHARCHEM,AKSHARCHEM.BO
BSE,AKSHOPTFBR,AKSHOPTFBR.BO
BSE,AKUMS,AKUMS.BO
BSE,ALANKIT,ALANKIT.BO
BSE,ALANSCOTT,ALANSCOTT.BO
BSE,ALBERTDAVD,ALBERTDAVD.BO
BSE,ALEMBICLTD,ALEMBICLTD.BO
BSE,ALEXANDER,ALEXANDER.BO
BSE,ALFAICA,ALFAICA.BO
BSE,ALFATRAN,ALFATRAN.BO
BSE,ALFAVIO,ALFAVIO.BO
BSE,ALFL,ALFL.BO
BSE,ALFREDHE,ALFREDHE.BO
BSE,ALGOQUANT,ALGOQUANT.BO
BSE,ALICON,ALICON.BO
BSE,ALIVUS,ALIVUS.BO
BSE,ALKALI,ALKALI.BO
BSE,ALKEM,ALKEM.BO
BSE,ALKOSIGN,ALKOSIGN.BO
BSE,ALKYLAMINE,ALKYLAMINE.BO
BSE,ALLCARGO,ALLCARGO.BO
BSE,ALLDIGI,ALLDIGI.BO
BSE,ALLTIME,ALLTIME.BO
BSE,ALMONDZ,ALMONDZ.BO
BSE,ALNATRD,ALNATRD.BO
BSE,ALOKINDS,ALOKINDS.BO
BSE,ALPA,ALPA.BO
BSE,ALPHAETF,ALPHAETF.BO
BSE,ALPHAGEO,ALPHAGEO.BO
BSE,ALPHAIND,ALPHAIND.BO
BSE,ALPHALOGIC,ALPHALOGIC.BO
BSE,ALPINEHOU,ALPINEHOU.BO
BSE,ALPINETEX,ALPINETEX.BO
BSE,ALPL30IETF,ALPL30IETF.BO
BSE,ALSL,ALSL.BO
BSE,ALTIUSINVIT,ALTIUSINVIT.BO
BSE,ALUFLUOR,ALUFLUOR.BO
BSE,AMAGI,AMAGI.BO
BSE,AMAL,AMAL.BO
BSE,AMANAYA,AMANAYA.BO
BSE,AMANTA,AMANTA.BO
BSE,AMARJOTHI,AMARJOTHI.BO
BSE,AMBALALSA,AMBALALSA.BO
BSE,AMBARPIL,AMBARPIL.BO
BSE,AMBER,AMBER.BO
BSE,AMBICAAGAR,AMBICAAGAR.BO
BSE,AMBIKCO,AMBIKCO.BO
BSE,AMBIT,AMBIT.BO
BSE,AMBOAGRI,AMBOAGRI.BO
BSE,AMBUJACEM,AMBUJACEM.BO
BSE,AMCOIND,AMCOIND.BO
BSE,AMDIND,AMDIND.BO
BSE,AMEENJI,AMEENJI.BO
BSE,AMERISE,AMERISE.BO
BSE,AMFORG,AMFORG.BO
BSE,AMIC,AMIC.BO
BSE,AMINTAN,AMINTAN.BO
BSE,AMITSEC,AMITSEC.BO
BSE,AMJLAND,AMJLAND.BO
BSE,AMKAY,AMKAY.BO
BSE,AMNPLST,AMNPLST.BO
BSE,AMPL,AMPL.BO
BSE,AMPVOLTS,AMPVOLTS.BO
BSE,AMRAAGRI,AMRAAGRI.BO
BSE,AMRAFIN,AMRAFIN.BO
BSE,AMRAPLIN,AMRAPLIN.BO
BSE,AMRUTANJAN,AMRUTANJAN.BO
BSE,AMS,AMS.BO
BSE,AMTECH,AMTECH.BO
BSE,AMTL,AMTL.BO
BSE,AMWILL,AMWILL.BO
BSE,ANANDRATHI,ANANDRATHI.BO
BSE,ANANTAM,ANANTAM.BO
BSE,ANANTRAJ,ANANTRAJ.BO
BSE,ANDHRAPAP,ANDHRAPAP.BO
BSE,ANDHRAPET,ANDHRAPET.BO
BSE,ANDHRSUGAR,ANDHRSUGAR.BO
BSE,ANDREWYU,ANDREWYU.BO
BSE,ANG,ANG.BO
BSE,ANGEL,ANGEL.BO
BSE,ANGELONE,ANGELONE.BO
BSE,ANIKINDS,ANIKINDS.BO
BSE,ANIRIT,ANIRIT.BO
BSE,ANJANI,ANJANI.BO
BSE,ANJANIFIN,ANJANIFIN.BO
BSE,ANJANIFOODS,ANJANIFOODS.BO
BSE,ANKIN,ANKIN.BO
BSE,ANKITMETAL,ANKITMETAL.BO
BSE,ANL,ANL.BO
BSE,ANMOL,ANMOL.BO
BSE,ANNAINFRA,ANNAINFRA.BO
BSE,ANNU,ANNU.BO
BSE,ANSALAPI,ANSALAPI.BO
BSE,ANSALBU,ANSALBU.BO
BSE,ANSALHSG,ANSALHSG.BO
BSE,ANSINDUS,ANSINDUS.BO
BSE,ANTARIKSH,ANTARIKSH.BO
BSE,ANTELOPUS,ANTELOPUS.BO
BSE,ANTHEM,ANTHEM.BO
BSE,ANUBHAV,ANUBHAV.BO
BSE,ANUHPHR,ANUHPHR.BO
BSE,ANUP,ANUP.BO
BSE,ANUPAM,ANUPAM.BO
BSE,ANURAS,ANURAS.BO
BSE,ANUROOP,ANUROOP.BO
BSE,ANVRDHI,ANVRDHI.BO
BSE,ANZEN,ANZEN.BO
BSE,APANA,APANA.BO
BSE,APARINDS,APARINDS.BO
BSE,APCL,APCL.BO
BSE,APCOTEXIND,APCOTEXIND.BO
BSE,APEX,APEX.BO
BSE,APIS,APIS.BO
BSE,APL,APL.BO
BSE,APLAB,APLAB.BO
BSE,APLAPOLLO,APLAPOLLO.BO
BSE,APLLTD,APLLTD.BO
BSE,APMIN,APMIN.BO
BSE,APOLLO,APOLLO.BO
BSE,APOLLOFI,APOLLOFI.BO
BSE,APOLLOHOSP,APOLLOHOSP.BO
BSE,APOLLOIN,APOLLOIN.BO
BSE,APOLLOPIPE,APOLLOPIPE.BO
BSE,APOLLOTYRE,APOLLOTYRE.BO
BSE,APOORVA,APOORVA.BO
BSE,APPL,APPL.BO
BSE,APTECHT,APTECHT.BO
BSE,APTPACK,APTPACK.BO
BSE,APTUS,APTUS.BO
BSE,AQYLON,AQYLON.BO
BSE,ARAVALIS,ARAVALIS.BO
BSE,ARCEEIN,ARCEEIN.BO
BSE,ARCFIN,ARCFIN.BO
BSE,ARCHIDPLY,ARCHIDPLY.BO
BSE,ARCHIES,ARCHIES.BO
BSE,ARCHITORG,ARCHITORG.BO
BSE,ARCIL,ARCIL.BO
BSE,ARCL,ARCL.BO
BSE,ARDEE,ARDEE.BO
BSE,ARE&M,ARE&M.BO
BSE,ARENTERP,ARENTERP.BO
BSE,AREXMIS,AREXMIS.BO
BSE,ARFIN,ARFIN.BO
BSE,ARIES,ARIES.BO
BSE,ARIGATO,ARIGATO.BO
BSE,ARIHANT,ARIHANT.BO
BSE,ARIHANTCAP,ARIHANTCAP.BO
BSE,ARIHANTSUP,ARIHANTSUP.BO
BSE,ARIS,ARIS.BO
BSE,ARISE,ARISE.BO
BSE,ARITAS,ARITAS.BO
BSE,ARKADE,ARKADE.BO
BSE,ARL,ARL.BO
BSE,ARMAN,ARMAN.BO
BSE,ARMANFIN,ARMANFIN.BO
BSE,ARNOLD,ARNOLD.BO
BSE,AROGRANITE,AROGRANITE.BO
BSE,ARROWGREEN,ARROWGREEN.BO
BSE,ARROWHEAD,ARROWHEAD.BO
BSE,ARSHIYA,ARSHIYA.BO
BSE,ARSSBL,ARSSBL.BO
BSE,ARTEFACT,ARTEFACT.BO
BSE,ARTEMISADR,ARTEMISADR.BO
BSE,ARTEMISMED,ARTEMISMED.BO
BSE,ARTSON,ARTSON.BO
BSE,ARUNAHTEL,ARUNAHTEL.BO
BSE,ARVAYA,ARVAYA.BO
BSE,ARVIND,ARVIND.BO
BSE,ARVINDFASN,ARVINDFASN.BO
BSE,ARVSMART,ARVSMART.BO
BSE,ARYACAPM,ARYACAPM.BO
BSE,ARYAMAN,ARYAMAN.BO
BSE,ARYAN,ARYAN.BO
BSE,ASAHIINDIA,ASAHIINDIA.BO
BSE,ASAHISONG,ASAHISONG.BO
BSE,ASAL,ASAL.BO
BSE,ASALCBR,ASALCBR.BO
BSE,ASARFI,ASARFI.BO
BSE,ASCENSIVE,ASCENSIVE.BO
BSE,ASGARD,ASGARD.BO
BSE,ASHAI,ASHAI.BO
BSE,ASHAPURMIN,ASHAPURMIN.BO
BSE,ASHCAP,ASHCAP.BO
BSE,ASHIANA,ASHIANA.BO
BSE,ASHIKAG,ASHIKAG.BO
BSE,ASHIMASYN,ASHIMASYN.BO
BSE,ASHISHPO,ASHISHPO.BO
BSE,ASHNI,ASHNI.BO
BSE,ASHNOOR,ASHNOOR.BO
BSE,ASHOKA,ASHOKA.BO
BSE,ASHOKAMET,ASHOKAMET.BO
BSE,ASHOKLEY,ASHOKLEY.BO
BSE,ASHRAM,ASHRAM.BO
BSE,ASHSI,ASHSI.BO
BSE,ASIACAP,ASIACAP.BO
BSE,ASIAN,ASIAN.BO
BSE,ASIANENE,ASIANENE.BO
BSE,ASIANHOTNR,ASIANHOTNR.BO
BSE,ASIANPAINT,ASIANPAINT.BO
BSE,ASIANTILES,ASIANTILES.BO
BSE,ASIANTNE,ASIANTNE.BO
BSE,ASIAPAK,ASIAPAK.BO
BSE,ASIIL,ASIIL.BO
BSE,ASINPET,ASINPET.BO
BSE,ASITCFIN,ASITCFIN.BO
BSE,ASKAUTOLTD,ASKAUTOLTD.BO
BSE,ASMS,ASMS.BO
BSE,ASMTEC,ASMTEC.BO
BSE,ASPIRA,ASPIRA.BO
BSE,ASRL,ASRL.BO
BSE,ASSAMENT,ASSAMENT.BO
BSE,ASSOCER,ASSOCER.BO
BSE,ASSOCIATED,ASSOCIATED.BO
BSE,ASTALLTD,ASTALLTD.BO
BSE,ASTAR,ASTAR.BO
BSE,ASTEC,ASTEC.BO
BSE,ASTERDM,ASTERDM.BO
BSE,ASTONEALAB,ASTONEALAB.BO
BSE,ASTRAL,ASTRAL.BO
BSE,ASTRAMICRO,ASTRAMICRO.BO
BSE,ASTRAZEN,ASTRAZEN.BO
BSE,ASTRON,ASTRON.BO
BSE,ASTRONMULT,ASTRONMULT.BO
BSE,ATALREAL,ATALREAL.BO
BSE,ATAM,ATAM.BO
BSE,ATENPAPERS,ATENPAPERS.BO
BSE,ATGL,ATGL.BO
BSE,ATHARVA,ATHARVA.BO
BSE,ATHARVENT,ATHARVENT.BO
BSE,ATHCON,ATHCON.BO
BSE,ATHENAGLO,ATHENAGLO.BO
BSE,ATHERENERG,ATHERENERG.BO
BSE,ATIL,ATIL.BO
BSE,ATISHAY,ATISHAY.BO
BSE,ATL,ATL.BO
BSE,ATLANTAA,ATLANTAA.BO
BSE,ATLANTAELE,ATLANTAELE.BO
BSE,ATLASCYCLE,ATLASCYCLE.BO
BSE,ATUL,ATUL.BO
BSE,ATULAUTO,ATULAUTO.BO
BSE,ATVOENT,ATVOENT.BO
BSE,ATVPR,ATVPR.BO
BSE,AUBANK,AUBANK.BO
BSE,AUDROC,AUDROC.BO
BSE,AUGMONT,AUGMONT.BO
BSE,AUREATE,AUREATE.BO
BSE,AURIONPRO,AURIONPRO.BO
BSE,AURIQUE,AURIQUE.BO
BSE,AUROLAB,AUROLAB.BO
BSE,AUROPHARMA,AUROPHARMA.BO
BSE,AURUM,AURUM.BO
BSE,AURUS,AURUS.BO
BSE,AUSOMENT,AUSOMENT.BO
BSE,AUSTENG,AUSTENG.BO
BSE,AUSTERE,AUSTERE.BO
BSE,AUTOAXLES,AUTOAXLES.BO
BSE,AUTOIETF,AUTOIETF.BO
BSE,AUTOIND,AUTOIND.BO
BSE,AUTOINT,AUTOINT.BO
BSE,AUTOPINS,AUTOPINS.BO
BSE,AVADHSUGAR,AVADHSUGAR.BO
BSE,AVAILFC,AVAILFC.BO
BSE,AVALON,AVALON.BO
BSE,AVANCE,AVANCE.BO
BSE,AVANTEL,AVANTEL.BO
BSE,AVANTIFEED,AVANTIFEED.BO
BSE,AVAX,AVAX.BO
BSE,AVEER,AVEER.BO
BSE,AVG,AVG.BO
BSE,AVIVA,AVIVA.BO
BSE,AVL,AVL.BO
BSE,AVONMORE,AVONMORE.BO
BSE,AVROIND,AVROIND.BO
BSE,AVTNPL,AVTNPL.BO
BSE,AWFIS,AWFIS.BO
BSE,AWHCL,AWHCL.BO
BSE,AWL,AWL.BO
BSE,AXELPOLY,AXELPOLY.BO
BSE,AXISBANK,AXISBANK.BO
BSE,AXISCADES,AXISCADES.BO
BSE,AXISOL,AXISOL.BO
BSE,AXITA,AXITA.BO
BSE,AXTEL,AXTEL.BO
BSE,AYE,AYE.BO
BSE,AYMSYNTEX,AYMSYNTEX.BO
BSE,AZAD,AZAD.BO
BSE,AZADIND,AZADIND.BO
BSE,AZTEC,AZTEC.BO
BSE,B2BSOFT,B2BSOFT.BO
BSE,BABA,BABA.BO
BSE,BACPHAR,BACPHAR.BO
BSE,BAFNAPH,BAFNAPH.BO
BSE,BAGFILMS,BAGFILMS.BO
BSE,BAGMANE,BAGMANE.BO
BSE,BAIDFIN,BAIDFIN.BO
BSE,BAIKAKAJI,BAIKAKAJI.BO
BSE,BAJAJ-AUTO,BAJAJ-AUTO.BO
BSE,BAJAJCON,BAJAJCON.BO
BSE,BAJAJELEC,BAJAJELEC.BO
BSE,BAJAJFINSV,BAJAJFINSV.BO
BSE,BAJAJHCARE,BAJAJHCARE.BO
BSE,BAJAJHFL,BAJAJHFL.BO
BSE,BAJAJHIND,BAJAJHIND.BO
BSE,BAJAJHLDNG,BAJAJHLDNG.BO
BSE,BAJAJINDEF,BAJAJINDEF.BO
BSE,BAJAJST,BAJAJST.BO
BSE,BAJEL,BAJEL.BO
BSE,BAJFINANCE,BAJFINANCE.BO
BSE,BALAJEE,BALAJEE.BO
BSE,BALAJITELE,BALAJITELE.BO
BSE,BALAMINES,BALAMINES.BO
BSE,BALGOPAL,BALGOPAL.BO
BSE,BALKRISHNA,BALKRISHNA.BO
BSE,BALKRISIND,BALKRISIND.BO
BSE,BALMLAWRIE,BALMLAWRIE.BO
BSE,BALPHARMA,BALPHARMA.BO
BSE,BALRAMCHIN,BALRAMCHIN.BO
BSE,BALTE,BALTE.BO
BSE,BALUFORGE,BALUFORGE.BO
BSE,BAMBINO,BAMBINO.BO
BSE,BAMPSL,BAMPSL.BO
BSE,BANARBEADS,BANARBEADS.BO
BSE,BANARISUG,BANARISUG.BO
BSE,BANASFN,BANASFN.BO
BSE,BANCOINDIA,BANCOINDIA.BO
BSE,BANDARAM,BANDARAM.BO
BSE,BANDHANBNK,BANDHANBNK.BO
BSE,BANG,BANG.BO
BSE,BANK10ADD,BANK10ADD.BO
BSE,BANK10BETF,BANK10BETF.BO
BSE,BANKADD,BANKADD.BO
BSE,BANKBARODA,BANKBARODA.BO
BSE,BANKBEES,BANKBEES.BO
BSE,BANKBETA,BANKBETA.BO
BSE,BANKBETF,BANKBETF.BO
BSE,BANKETF,BANKETF.BO
BSE,BANKIETF,BANKIETF.BO
BSE,BANKINDIA,BANKINDIA.BO
BSE,BANKNIFTY1,BANKNIFTY1.BO
BSE,BANKPSU,BANKPSU.BO
BSE,BANSALWIRE,BANSALWIRE.BO
BSE,BANSWRAS,BANSWRAS.BO
BSE,BAPACK,BAPACK.BO
BSE,BARODARY,BARODARY.BO
BSE,BAROEXT,BAROEXT.BO
BSE,BASANTGL,BASANTGL.BO
BSE,BASF,BASF.BO
BSE,BASML,BASML.BO
BSE,BATAINDIA,BATAINDIA.BO
BSE,BATLIBOI,BATLIBOI.BO
BSE,BAYERCROP,BAYERCROP.BO
BSE,BAZELINTER,BAZELINTER.BO
BSE,BBL,BBL.BO
BSE,BBNPNBETF,BBNPNBETF.BO
BSE,BBNPPGOLD,BBNPPGOLD.BO
BSE,BBOX,BBOX.BO
BSE,BBTC,BBTC.BO
BSE,BBTCL,BBTCL.BO
BSE,BCCFUBA,BCCFUBA.BO
BSE,BCCL,BCCL.BO
BSE,BCG,BCG.BO
BSE,BCLENTERPR,BCLENTERPR.BO
BSE,BCLIND,BCLIND.BO
BSE,BCONCEPTS,BCONCEPTS.BO
BSE,BCP,BCP.BO
BSE,BCPL,BCPL.BO
BSE,BDH,BDH.BO
BSE,BDI,BDI.BO
BSE,BDL,BDL.BO
BSE,BECTORFOOD,BECTORFOOD.BO
BSE,BEDMUTHA,BEDMUTHA.BO
BSE,BEEKAY,BEEKAY.BO
BSE,BEEYU,BEEYU.BO
BSE,BEEZAASAN,BEEZAASAN.BO
BSE,BEFOUNDMOL,BEFOUNDMOL.BO
BSE,BEL,BEL.BO
BSE,BELDING,BELDING.BO
BSE,BELLACASA,BELLACASA.BO
BSE,BELRISE,BELRISE.BO
BSE,BEMHY,BEMHY.BO
BSE,BEML,BEML.BO
BSE,BENARA,BENARA.BO
BSE,BENARAS,BENARAS.BO
BSE,BENCHMARK,BENCHMARK.BO
BSE,BENGALASM,BENGALASM.BO
BSE,BENGALT,BENGALT.BO
BSE,BENTCOM,BENTCOM.BO
BSE,BEPL,BEPL.BO
BSE,BERGEPAINT,BERGEPAINT.BO
BSE,BERLDRG,BERLDRG.BO
BSE,BERVINL,BERVINL.BO
BSE,BERYLSE,BERYLSE.BO
BSE,BESTAGRO,BESTAGRO.BO
BSE,BESTEAST,BESTEAST.BO
BSE,BETALA,BETALA.BO
BSE,BETXIND,BETXIND.BO
BSE,BFINVEST,BFINVEST.BO
BSE,BFLAFL,BFLAFL.BO
BSE,BFSI,BFSI.BO
BSE,BFUTILITIE,BFUTILITIE.BO
BSE,BGDL,BGDL.BO
BSE,BGIL,BGIL.BO
BSE,BGRENERGY,BGRENERGY.BO
BSE,BGWTATO,BGWTATO.BO
BSE,BHAGCHEM,BHAGCHEM.BO
BSE,BHAGERIA,BHAGERIA.BO
BSE,BHAGGAS,BHAGGAS.BO
BSE,BHAGWOX,BHAGWOX.BO
BSE,BHAGYANGR,BHAGYANGR.BO
BSE,BHANDARI,BHANDARI.BO
BSE,BHANDERI,BHANDERI.BO
BSE,BHARAT,BHARAT.BO
BSE,BHARATAGRI,BHARATAGRI.BO
BSE,BHARATCOAL,BHARATCOAL.BO
BSE,BHARATFORG,BHARATFORG.BO
BSE,BHARATGEAR,BHARATGEAR.BO
BSE,BHARATRAS,BHARATRAS.BO
BSE,BHARATROHAN,BHARATROHAN.BO
BSE,BHARATSE,BHARATSE.BO
BSE,BHARATWIRE,BHARATWIRE.BO
BSE,BHARTIARTL,BHARTIARTL.BO
BSE,BHARTIHEXA,BHARTIHEXA.BO
BSE,BHASKAGR,BHASKAGR.BO
BSE,BHATIA,BHATIA.BO
BSE,BHAVIK,BHAVIK.BO
BSE,BHEL,BHEL.BO
BSE,BHILSPIN,BHILSPIN.BO
BSE,BHUDEVI,BHUDEVI.BO
BSE,BI,BI.BO
BSE,BIBCL,BIBCL.BO
BSE,BIGBLOC,BIGBLOC.BO
BSE,BIHSPONG,BIHSPONG.BO
BSE,BIKAJI,BIKAJI.BO
BSE,BIL,BIL.BO
BSE,BILLWIN,BILLWIN.BO
BSE,BILVYAPAR,BILVYAPAR.BO
BSE,BIMETAL,BIMETAL.BO
BSE,BINDALEXPO,BINDALEXPO.BO
BSE,BINNYMILLS,BINNYMILLS.BO
BSE,BIOCON,BIOCON.BO
BSE,BIOFILCHEM,BIOFILCHEM.BO
BSE,BIOGEN,BIOGEN.BO
BSE,BIRET,BIRET.BO
BSE,BIRLACABLE,BIRLACABLE.BO
BSE,BIRLACORPN,BIRLACORPN.BO
BSE,BIRLACOT,BIRLACOT.BO
BSE,BIRLAMONEY,BIRLAMONEY.BO
BSE,BIRLANU,BIRLANU.BO
BSE,BIRLAPREC,BIRLAPREC.BO
BSE,BITS,BITS.BO
BSE,BIZOTIC,BIZOTIC.BO
BSE,BKV,BKV.BO
BSE,BLACKBUCK,BLACKBUCK.BO
BSE,BLACKROSE,BLACKROSE.BO
BSE,BLAL,BLAL.BO
BSE,BLBLIMITED,BLBLIMITED.BO
BSE,BLEL,BLEL.BO
BSE,BLIL,BLIL.BO
BSE,BLISSGVS,BLISSGVS.BO
BSE,BLKASHYAP,BLKASHYAP.BO
BSE,BLOIN,BLOIN.BO
BSE,BLS,BLS.BO
BSE,BLSE,BLSE.BO
BSE,BLT,BLT.BO
BSE,BLUECHIPT,BLUECHIPT.BO
BSE,BLUECLOUDS,BLUECLOUDS.BO
BSE,BLUECOAST,BLUECOAST.BO
BSE,BLUEDART,BLUEDART.BO
BSE,BLUEJET,BLUEJET.BO
BSE,BLUESTARCO,BLUESTARCO.BO
BSE,BLUESTONE,BLUESTONE.BO
BSE,BLUSPRING,BLUSPRING.BO
BSE,BMAL,BMAL.BO
BSE,BMBMUMG,BMBMUMG.BO
BSE,BMW,BMW.BO
BSE,BMWVENTLTD,BMWVENTLTD.BO
BSE,BNAGROCHEM,BNAGROCHEM.BO
BSE,BNALTD,BNALTD.BO
BSE,BNRSEC,BNRSEC.BO
BSE,BNRUDY,BNRUDY.BO
BSE,BODALCHEM,BODALCHEM.BO
BSE,BODHTREE,BODHTREE.BO
BSE,BOMBCYC,BOMBCYC.BO
BSE,BOMBWIR,BOMBWIR.BO
BSE,BOMDYEING,BOMDYEING.BO
BSE,BOMOXY-B1,BOMOXY-B1.BO
BSE,BOMTALKIES,BOMTALKIES.BO
BSE,BONDADA,BONDADA.BO
BSE,BONLON,BONLON.BO
BSE,BORANA,BORANA.BO
BSE,BOROLTD,BOROLTD.BO
BSE,BORORENEW,BORORENEW.BO
BSE,BOROSCI,BOROSCI.BO
BSE,BOSCH-HCIL,BOSCH-HCIL.BO
BSE,BOSCHLTD,BOSCHLTD.BO
BSE,BOSTON,BOSTON.BO
BSE,BPAGRI,BPAGRI.BO
BSE,BPCL,BPCL.BO
BSE,BPL,BPL.BO
BSE,BPLPHARMA,BPLPHARMA.BO
BSE,BRADYM,BRADYM.BO
BSE,BRAHMINFRA,BRAHMINFRA.BO
BSE,BRAWN,BRAWN.BO
BSE,BRGIL,BRGIL.BO
BSE,BRIDGESE,BRIDGESE.BO
BSE,BRIGADE,BRIGADE.BO
BSE,BRIGHOTEL,BRIGHOTEL.BO
BSE,BRIGHT,BRIGHT.BO
BSE,BRIGHTBR,BRIGHTBR.BO
BSE,BRIJLEAS,BRIJLEAS.BO
BSE,BRIPORT,BRIPORT.BO
BSE,BRISK,BRISK.BO
BSE,BRITANNIA,BRITANNIA.BO
BSE,BRNL,BRNL.BO
BSE,BROACH,BROACH.BO
BSE,BROOKS,BROOKS.BO
BSE,BRPL,BRPL.BO
BSE,BRRL,BRRL.BO
BSE,BSE500IETF,BSE500IETF.BO
BSE,BSELALGO,BSELALGO.BO
BSE,BSHSL,BSHSL.BO
BSE,BSL,BSL.BO
BSE,BSLGOLDETF,BSLGOLDETF.BO
BSE,BSLNIFTY,BSLNIFTY.BO
BSE,BSLSENETFG,BSLSENETFG.BO
BSE,BSOFT,BSOFT.BO
BSE,BTML,BTML.BO
BSE,BTTL,BTTL.BO
BSE,BUILDPRO,BUILDPRO.BO
BSE,BURNPUR,BURNPUR.BO
BSE,BUTTERFLY,BUTTERFLY.BO
BSE,BVCL,BVCL.BO
BSE,BYKE,BYKE.BO
BSE,CALCOM,CALCOM.BO
BSE,CALLISTA,CALLISTA.BO
BSE,CALSOFT,CALSOFT.BO
BSE,CAMEXLTD,CAMEXLTD.BO
BSE,CAMLINFINE,CAMLINFINE.BO
BSE,CAMPUS,CAMPUS.BO
BSE,CAMS,CAMS.BO
BSE,CANBK,CANBK.BO
BSE,CANDOUR,CANDOUR.BO
BSE,CANFINHOME,CANFINHOME.BO
BSE,CANHLIFE,CANHLIFE.BO
BSE,CANTABIL,CANTABIL.BO
BSE,CAPACITE,CAPACITE.BO
BSE,CAPILLARY,CAPILLARY.BO
BSE,CAPINVIT,CAPINVIT.BO
BSE,CAPITALSFB,CAPITALSFB.BO
BSE,CAPLIPOINT,CAPLIPOINT.BO
BSE,CAPPIPES,CAPPIPES.BO
BSE,CAPRICORN,CAPRICORN.BO
BSE,CAPRIHANS,CAPRIHANS.BO
BSE,CAPRO,CAPRO.BO
BSE,CAPTRUST,CAPTRUST.BO
BSE,CARBORUNIV,CARBORUNIV.BO
BSE,CARERATING,CARERATING.BO
BSE,CARGOSOL,CARGOSOL.BO
BSE,CARGOTRANS,CARGOTRANS.BO
BSE,CARRARO,CARRARO.BO
BSE,CARTRADE,CARTRADE.BO
BSE,CARYSIL,CARYSIL.BO
BSE,CASPIAN,CASPIAN.BO
BSE,CASTORA,CASTORA.BO
BSE,CASTROLIND,CASTROLIND.BO
BSE,CATVISION,CATVISION.BO
BSE,CBPL,CBPL.BO
BSE,CCAL,CCAL.BO
BSE,CCAVENUE,CCAVENUE.BO
BSE,CCCL,CCCL.BO
BSE,CCDL,CCDL.BO
BSE,CCHHL,CCHHL.BO
BSE,CCL,CCL.BO
BSE,CCLINTER,CCLINTER.BO
BSE,CCME,CCME.BO
BSE,CEATLTD,CEATLTD.BO
BSE,CEEJAY,CEEJAY.BO
BSE,CEENIK,CEENIK.BO
BSE,CEETAIN,CEETAIN.BO
BSE,CEIGALL,CEIGALL.BO
BSE,CEINSYS,CEINSYS.BO
BSE,CELEBRITY,CELEBRITY.BO
BSE,CELLA,CELLA.BO
BSE,CELLO,CELLO.BO
BSE,CEMAINFRA,CEMAINFRA.BO
BSE,CEMPRO,CEMPRO.BO
BSE,CENLUB,CENLUB.BO
BSE,CENTENKA,CENTENKA.BO
BSE,CENTEXT,CENTEXT.BO
BSE,CENTRALBK,CENTRALBK.BO
BSE,CENTRUM,CENTRUM.BO
BSE,CENTUM,CENTUM.BO
BSE,CENTUPLE,CENTUPLE.BO
BSE,CENTURYOOH,CENTURYOOH.BO
BSE,CENTURYPLY,CENTURYPLY.BO
BSE,CERA,CERA.BO
BSE,CESC,CESC.BO
BSE,CEWATER,CEWATER.BO
BSE,CFEL,CFEL.BO
BSE,CFF,CFF.BO
BSE,CFL,CFL.BO
BSE,CGCL,CGCL.BO
BSE,CGPOWER,CGPOWER.BO
BSE,CGVAK,CGVAK.BO
BSE,CHALET,CHALET.BO
BSE,CHALLANI,CHALLANI.BO
BSE,CHAMBLFERT,CHAMBLFERT.BO
BSE,CHANDNIMACH,CHANDNIMACH.BO
BSE,CHANDRAP,CHANDRAP.BO
BSE,CHANDRIMA,CHANDRIMA.BO
BSE,CHATHA,CHATHA.BO
BSE,CHCL,CHCL.BO
BSE,CHDCHEM,CHDCHEM.BO
BSE,CHEMBOND,CHEMBOND.BO
BSE,CHEMBONDCH,CHEMBONDCH.BO
BSE,CHEMCON,CHEMCON.BO
BSE,CHEMCRUX,CHEMCRUX.BO
BSE,CHEMFAB,CHEMFAB.BO
BSE,CHEMIESYNT,CHEMIESYNT.BO
BSE,CHEMKART,CHEMKART.BO
BSE,CHEMPLASTS,CHEMPLASTS.BO
BSE,CHEMTECH,CHEMTECH.BO
BSE,CHENFERRO,CHENFERRO.BO
BSE,CHENNPETRO,CHENNPETRO.BO
BSE,CHEVIOT,CHEVIOT.BO
BSE,CHIRAHARIT,CHIRAHARIT.BO
BSE,CHLLTD,CHLLTD.BO
BSE,CHLOGIST,CHLOGIST.BO
BSE,CHMBBRW,CHMBBRW.BO
BSE,CHOICEGOLD,CHOICEGOLD.BO
BSE,CHOICEIN,CHOICEIN.BO
BSE,CHOKSI,CHOKSI.BO
BSE,CHOKSILA,CHOKSILA.BO
BSE,CHOLAFIN,CHOLAFIN.BO
BSE,CHOLAHLDNG,CHOLAHLDNG.BO
BSE,CHORDIA,CHORDIA.BO
BSE,CHOTHANI,CHOTHANI.BO
BSE,CHOWGULSTM,CHOWGULSTM.BO
BSE,CHROME,CHROME.BO
BSE,CHRTEDCA,CHRTEDCA.BO
BSE,CHTR,CHTR.BO
BSE,CIANAGRO,CIANAGRO.BO
BSE,CIEINDIA,CIEINDIA.BO
BSE,CIFL,CIFL.BO
BSE,CILSEC,CILSEC.BO
BSE,CINDHO,CINDHO.BO
BSE,CINDRELL,CINDRELL.BO
BSE,CINELINE,CINELINE.BO
BSE,CINEVISTA,CINEVISTA.BO
BSE,CIPLA,CIPLA.BO
BSE,CITADEL,CITADEL.BO
BSE,CITICHEM,CITICHEM.BO
BSE,CITIPOR,CITIPOR.BO
BSE,CITIUSINVT,CITIUSINVT.BO
BSE,CITIZEN,CITIZEN.BO
BSE,CITYMAN,CITYMAN.BO
BSE,CITYONLINE,CITYONLINE.BO
BSE,CITYSQUARE,CITYSQUARE.BO
BSE,CJGEL,CJGEL.BO
BSE,CLARA,CLARA.BO
BSE,CLEAN,CLEAN.BO
BSE,CLEANMAX,CLEANMAX.BO
BSE,CLEDUCATE,CLEDUCATE.BO
BSE,CLFL,CLFL.BO
BSE,CLIOINFO,CLIOINFO.BO
BSE,CLN,CLN.BO
BSE,CLSEL,CLSEL.BO
BSE,CMBL,CMBL.BO
BSE,CMLL,CMLL.BO
BSE,CMMHOSP,CMMHOSP.BO
BSE,CMPDI,CMPDI.BO
BSE,CMRGREEN,CMRGREEN.BO
BSE,CMSINFO,CMSINFO.BO
BSE,CMXLTD,CMXLTD.BO
BSE,CNCRD,CNCRD.BO
BSE,CNINFOTECH,CNINFOTECH.BO
BSE,CNL,CNL.BO
BSE,COALINDIA,COALINDIA.BO
BSE,COARO,COARO.BO
BSE,COASTCORP,COASTCORP.BO
BSE,COCHINM,COCHINM.BO
BSE,COCHINSHIP,COCHINSHIP.BO
BSE,COCHMAL,COCHMAL.BO
BSE,COCKERILL,COCKERILL.BO
BSE,COFFEEDAY,COFFEEDAY.BO
BSE,COFORGE,COFORGE.BO
BSE,COHANCE,COHANCE.BO
BSE,COLINZ,COLINZ.BO
BSE,COLORCHIPS,COLORCHIPS.BO
BSE,COLPAL,COLPAL.BO
BSE,COMCL,COMCL.BO
BSE,COMFINCAP,COMFINCAP.BO
BSE,COMFINTE,COMFINTE.BO
BSE,COMMAND,COMMAND.BO
BSE,COMMOIETF,COMMOIETF.BO
BSE,COMPEAU,COMPEAU.BO
BSE,COMPINFO,COMPINFO.BO
BSE,COMPUPN,COMPUPN.BO
BSE,COMPUSOFT,COMPUSOFT.BO
BSE,COMRADE,COMRADE.BO
BSE,COMSYN,COMSYN.BO
BSE,CONART,CONART.BO
BSE,CONCOR,CONCOR.BO
BSE,CONCORD,CONCORD.BO
BSE,CONCORDBIO,CONCORDBIO.BO
BSE,CONFIPET,CONFIPET.BO
BSE,CONSTRONIC,CONSTRONIC.BO
BSE,CONSUMAXIS,CONSUMAXIS.BO
BSE,CONSUMER,CONSUMER.BO
BSE,CONSUMIETF,CONSUMIETF.BO
BSE,CONTAINE,CONTAINE.BO
BSE,CONTAINER,CONTAINER.BO
BSE,CONTCHM,CONTCHM.BO
BSE,CONTICON,CONTICON.BO
BSE,CONTILI,CONTILI.BO
BSE,CONTPTR,CONTPTR.BO
BSE,CONTROLPR,CONTROLPR.BO
BSE,CORALAB,CORALAB.BO
BSE,CORALFINAC,CORALFINAC.BO
BSE,CORDELIA,CORDELIA.BO
BSE,CORDSCABLE,CORDSCABLE.BO
BSE,CORNE,CORNE.BO
BSE,COROENGG,COROENGG.BO
BSE,COROMANDEL,COROMANDEL.BO
BSE,CORONA,CORONA.BO
BSE,COSCO,COSCO.BO
BSE,COSMICCRF,COSMICCRF.BO
BSE,COSMOFE,COSMOFE.BO
BSE,COSMOFIRST,COSMOFIRST.BO
BSE,COSPOWER,COSPOWER.BO
BSE,COSYN,COSYN.BO
BSE,COTFAB,COTFAB.BO
BSE,COUNCODOS,COUNCODOS.BO
BSE,COVANCE,COVANCE.BO
BSE,CPCAP,CPCAP.BO
BSE,CPEDU,CPEDU.BO
BSE,CPL,CPL.BO
BSE,CPML,CPML.BO
BSE,CPPLUS,CPPLUS.BO
BSE,CPSEETF,CPSEETF.BO
BSE,CRAFTSMAN,CRAFTSMAN.BO
BSE,CRAMC,CRAMC.BO
BSE,CRANEINFRA,CRANEINFRA.BO
BSE,CRANESSOFT,CRANESSOFT.BO
BSE,CRANEX,CRANEX.BO
BSE,CRAVATEX,CRAVATEX.BO
BSE,CRAZY,CRAZY.BO
BSE,CREATIVE,CREATIVE.BO
BSE,CREATIVEYE,CREATIVEYE.BO
BSE,CREDITACC,CREDITACC.BO
BSE,CRESCENTIS,CRESCENTIS.BO
BSE,CREST,CREST.BO
BSE,CRIMSON,CRIMSON.BO
BSE,CRISIL,CRISIL.BO
BSE,CRIZAC,CRIZAC.BO
BSE,CROISSANCE,CROISSANCE.BO
BSE,CROMPTON,CROMPTON.BO
BSE,CROPSTER,CROPSTER.BO
BSE,CRSL,CRSL.BO
BSE,CRSTCHM,CRSTCHM.BO
BSE,CRYOGENIC,CRYOGENIC.BO
BSE,CRYSTAL,CRYSTAL.BO
BSE,CSBBANK,CSBBANK.BO
BSE,CSL,CSL.BO
BSE,CSLFINANCE,CSLFINANCE.BO
BSE,CSM,CSM.BO
BSE,CSML,CSML.BO
BSE,CSURGSU,CSURGSU.BO
BSE,CTCL,CTCL.BO
BSE,CTE,CTE.BO
BSE,CTL,CTL.BO
BSE,CTLLAB,CTLLAB.BO
BSE,CUB,CUB.BO
BSE,CUBEINVIT,CUBEINVIT.BO
BSE,CUBEXTUB,CUBEXTUB.BO
BSE,CUBIFIN,CUBIFIN.BO
BSE,CUMMINSIND,CUMMINSIND.BO
BSE,CUPID,CUPID.BO
BSE,CUPIDALBV,CUPIDALBV.BO
BSE,CURAA,CURAA.BO
BSE,CWD,CWD.BO
BSE,CYBELEIND,CYBELEIND.BO
BSE,CYBERMEDIA,CYBERMEDIA.BO
BSE,CYBERTECH,CYBERTECH.BO
BSE,CYIENT,CYIENT.BO
BSE,CYIENTDLM,CYIENTDLM.BO
BSE,DABUR,DABUR.BO
BSE,DACHEPALLI,DACHEPALLI.BO
BSE,DAICHI,DAICHI.BO
BSE,DAIKAFFI,DAIKAFFI.BO
BSE,DAL,DAL.BO
BSE,DALBHARAT,DALBHARAT.BO
BSE,DALMIASUG,DALMIASUG.BO
BSE,DAMCAPITAL,DAMCAPITAL.BO
BSE,DAMODARIND,DAMODARIND.BO
BSE,DANLAW,DANLAW.BO
BSE,DANUBE,DANUBE.BO
BSE,DAPS,DAPS.BO
BSE,DARJEELING,DARJEELING.BO
BSE,DARSHANORNA,DARSHANORNA.BO
BSE,DATAMATICS,DATAMATICS.BO
BSE,DATAPATTNS,DATAPATTNS.BO
BSE,DATIWARE,DATIWARE.BO
BSE,DAULAT,DAULAT.BO
BSE,DAVANGERE,DAVANGERE.BO
BSE,DAVIN,DAVIN.BO
BSE,DBCORP,DBCORP.BO
BSE,DBEIL,DBEIL.BO
BSE,DBL,DBL.BO
BSE,DBOL,DBOL.BO
BSE,DBREALTY,DBREALTY.BO
BSE,DBSTOCKBRO,DBSTOCKBRO.BO
BSE,DCAL,DCAL.BO
BSE,DCBBANK,DCBBANK.BO
BSE,DCI,DCI.BO
BSE,DCM,DCM.BO
BSE,DCMFINSERV,DCMFINSERV.BO
BSE,DCMNVL,DCMNVL.BO
BSE,DCMSHRIRAM,DCMSHRIRAM.BO
BSE,DCMSIL,DCMSIL.BO
BSE,DCMSRIND,DCMSRIND.BO
BSE,DCW,DCW.BO
BSE,DCXINDIA,DCXINDIA.BO
BSE,DDEVPLSTIK,DDEVPLSTIK.BO
BSE,DECCAN,DECCAN.BO
BSE,DECCANCE,DECCANCE.BO
BSE,DECIPHER,DECIPHER.BO
BSE,DECNGOLD,DECNGOLD.BO
BSE,DECOMIC,DECOMIC.BO
BSE,DECPO,DECPO.BO
BSE,DEEDEV,DEEDEV.BO
BSE,DEEP,DEEP.BO
BSE,DEEPA,DEEPA.BO
BSE,DEEPAI,DEEPAI.BO
BSE,DEEPAKCHEM,DEEPAKCHEM.BO
BSE,DEEPAKFERT,DEEPAKFERT.BO
BSE,DEEPAKNTR,DEEPAKNTR.BO
BSE,DEEPAKSP,DEEPAKSP.BO
BSE,DEEPINDS,DEEPINDS.BO
BSE,DEFENCE,DEFENCE.BO
BSE,DEFRAIL,DEFRAIL.BO
BSE,DEL,DEL.BO
BSE,DELHIVERY,DELHIVERY.BO
BSE,DELPHIFX,DELPHIFX.BO
BSE,DELTA,DELTA.BO
BSE,DELTACORP,DELTACORP.BO
BSE,DELTAMAGNT,DELTAMAGNT.BO
BSE,DEN,DEN.BO
BSE,DENISCHEM,DENISCHEM.BO
BSE,DENORA,DENORA.BO
BSE,DENTA,DENTA.BO
BSE,DESCO,DESCO.BO
BSE,DESHRAK,DESHRAK.BO
BSE,DEVINE,DEVINE.BO
BSE,DEVIT,DEVIT.BO
BSE,DEVLAB,DEVLAB.BO
BSE,DEVSON,DEVSON.BO
BSE,DEVX,DEVX.BO
BSE,DEVYANI,DEVYANI.BO
BSE,DFL,DFL.BO
BSE,DFPL,DFPL.BO
BSE,DGCONTENT,DGCONTENT.BO
BSE,DGL,DGL.BO
BSE,DHABRIYA,DHABRIYA.BO
BSE,DHAMPURE,DHAMPURE.BO
BSE,DHAMPURSUG,DHAMPURSUG.BO
BSE,DHANBANK,DHANBANK.BO
BSE,DHANCOT,DHANCOT.BO
BSE,DHANFAB,DHANFAB.BO
BSE,DHANROTO,DHANROTO.BO
BSE,DHANSAFAL,DHANSAFAL.BO
BSE,DHANUKA,DHANUKA.BO
BSE,DHANWEL,DHANWEL.BO
BSE,DHARAN,DHARAN.BO
BSE,DHARFIN,DHARFIN.BO
BSE,DHARMAJ,DHARMAJ.BO
BSE,DHARNI,DHARNI.BO
BSE,DHATRE,DHATRE.BO
BSE,DHAVAL,DHAVAL.BO
BSE,DHENUBUILD,DHENUBUILD.BO
BSE,DHILLON,DHILLON.BO
BSE,DHINDIA,DHINDIA.BO
BSE,DHOOTIN,DHOOTIN.BO
BSE,DHOOTTRANS,DHOOTTRANS.BO
BSE,DHPIND,DHPIND.BO
BSE,DHRUV,DHRUV.BO
BSE,DHRUVCA,DHRUVCA.BO
BSE,DHUNINV,DHUNINV.BO
BSE,DHVIJAFIN,DHVIJAFIN.BO
BSE,DHYAANITR,DHYAANITR.BO
BSE,DIACABS,DIACABS.BO
BSE,DIAMINESQ,DIAMINESQ.BO
BSE,DIAMONDYD,DIAMONDYD.BO
BSE,DIANATEA,DIANATEA.BO
BSE,DICIND,DICIND.BO
BSE,DIDL,DIDL.BO
BSE,DIFFNKG,DIFFNKG.BO
BSE,DIGIDRIVE,DIGIDRIVE.BO
BSE,DIGILOGIC,DIGILOGIC.BO
BSE,DIGISPICE,DIGISPICE.BO
BSE,DIGITIDE,DIGITIDE.BO
BSE,DIGJAMLMTD,DIGJAMLMTD.BO
BSE,DIKSAT,DIKSAT.BO
BSE,DIKSHA,DIKSHA.BO
BSE,DILIGENT,DILIGENT.BO
BSE,DISAQ,DISAQ.BO
BSE,DISHTV,DISHTV.BO
BSE,DITCO,DITCO.BO
BSE,DIVGIITTS,DIVGIITTS.BO
BSE,DIVIDEND,DIVIDEND.BO
BSE,DIVISLAB,DIVISLAB.BO
BSE,DIVSHKT,DIVSHKT.BO
BSE,DIXON,DIXON.BO
BSE,DJML,DJML.BO
BSE,DKUAL,DKUAL.BO
BSE,DLCL,DLCL.BO
BSE,DLF,DLF.BO
BSE,DLINKINDIA,DLINKINDIA.BO
BSE,DLTNCBL,DLTNCBL.BO
BSE,DMART,DMART.BO
BSE,DMCC,DMCC.BO
BSE,DML,DML.BO
BSE,DMR,DMR.BO
BSE,DNAMEDIA,DNAMEDIA.BO
BSE,DODLA,DODLA.BO
BSE,DOLATALGO,DOLATALGO.BO
BSE,DOLFIN,DOLFIN.BO
BSE,DOLLAR,DOLLAR.BO
BSE,DOLLEX,DOLLEX.BO
BSE,DOLPHIN,DOLPHIN.BO
BSE,DOMS,DOMS.BO
BSE,DONEAR,DONEAR.BO
BSE,DPABHUSHAN,DPABHUSHAN.BO
BSE,DPL,DPL.BO
BSE,DPWIRES,DPWIRES.BO
BSE,DRA,DRA.BO
BSE,DRAGARWQ,DRAGARWQ.BO
BSE,DRCSYSTEMS,DRCSYSTEMS.BO
BSE,DREAMFOLKS,DREAMFOLKS.BO
BSE,DREDGECORP,DREDGECORP.BO
BSE,DRL,DRL.BO
BSE,DRONACHRYA,DRONACHRYA.BO
BSE,DRREDDY,DRREDDY.BO
BSE,DSFCL,DSFCL.BO
BSE,DSINVEST,DSINVEST.BO
BSE,DSKULKARNI,DSKULKARNI.BO
BSE,DSSL,DSSL.BO
BSE,DTIL,DTIL.BO
BSE,DUCON,DUCON.BO
BSE,DUKEOFS,DUKEOFS.BO
BSE,DUNCANENG,DUNCANENG.BO
BSE,DUROPACK,DUROPACK.BO
BSE,DUROPLY,DUROPLY.BO
BSE,DUTRON,DUTRON.BO
BSE,DVL,DVL.BO
BSE,DWARKESH,DWARKESH.BO
BSE,DYCL,DYCL.BO
BSE,DYNAMATECH,DYNAMATECH.BO
BSE,DYNAMICP,DYNAMICP.BO
BSE,DYNAMIND,DYNAMIND.BO
BSE,DYNAVSN,DYNAVSN.BO
BSE,DYNPRO,DYNPRO.BO
BSE,E2E,E2E.BO
BSE,EARKART,EARKART.BO
BSE,EARTH,EARTH.BO
BSE,EASEMYTRIP,EASEMYTRIP.BO
BSE,EASTBUILD,EASTBUILD.BO
BSE,EASTINDIA,EASTINDIA.BO
BSE,EASTRED,EASTRED.BO
BSE,EASTSILK,EASTSILK.BO
BSE,EASTWEST,EASTWEST.BO
BSE,EASUN,EASUN.BO
BSE,EBANK10,EBANK10.BO
BSE,EBGNG,EBGNG.BO
BSE,EBIX,EBIX.BO
BSE,ECAPINSURE,ECAPINSURE.BO
BSE,ECLERX,ECLERX.BO
BSE,ECOBOAR,ECOBOAR.BO
BSE,ECOFINITY,ECOFINITY.BO
BSE,ECOHOTELS,ECOHOTELS.BO
BSE,ECOPLAST,ECOPLAST.BO
BSE,ECORECO,ECORECO.BO
BSE,ECOSMOBLTY,ECOSMOBLTY.BO
BSE,ECSTSTL,ECSTSTL.BO
BSE,EDELWEISS,EDELWEISS.BO
BSE,EDVENSWA,EDVENSWA.BO
BSE,EENTER,EENTER.BO
BSE,EFCIL,EFCIL.BO
BSE,EFORU,EFORU.BO
BSE,EICHERMOT,EICHERMOT.BO
BSE,EIDPARRY,EIDPARRY.BO
BSE,EIEL,EIEL.BO
BSE,EIGHTY,EIGHTY.BO
BSE,EIHAHOTELS,EIHAHOTELS.BO
BSE,EIHOTEL,EIHOTEL.BO
BSE,EIKO,EIKO.BO
BSE,EIMCOELECO,EIMCOELECO.BO
BSE,EKAMLEA,EKAMLEA.BO
BSE,EKANSH,EKANSH.BO
BSE,EKC,EKC.BO
BSE,EKENNIS,EKENNIS.BO
BSE,EKI,EKI.BO
BSE,ELAND,ELAND.BO
BSE,ELANGO,ELANGO.BO
BSE,ELANTAS,ELANTAS.BO
BSE,ELCIDIN,ELCIDIN.BO
BSE,ELDEHSG,ELDEHSG.BO
BSE,ELECON,ELECON.BO
BSE,ELECTCAST,ELECTCAST.BO
BSE,ELECTHERM,ELECTHERM.BO
BSE,ELEFLOR,ELEFLOR.BO
BSE,ELEMARB,ELEMARB.BO
BSE,ELFIN,ELFIN.BO
BSE,ELFORGE,ELFORGE.BO
BSE,ELGIEQUIP,ELGIEQUIP.BO
BSE,ELIN,ELIN.BO
BSE,ELITECON,ELITECON.BO
BSE,ELIXIR,ELIXIR.BO
BSE,ELLEN,ELLEN.BO
BSE,ELMDIV,ELMDIV.BO
BSE,ELNET,ELNET.BO
BSE,ELPROINTL,ELPROINTL.BO
BSE,EMAINDIA,EMAINDIA.BO
BSE,EMAMILTD,EMAMILTD.BO
BSE,EMAMIPAP,EMAMIPAP.BO
BSE,EMAMIREAL,EMAMIREAL.BO
BSE,EMBASSY,EMBASSY.BO
BSE,EMBDL,EMBDL.BO
BSE,EMCURE,EMCURE.BO
BSE,EMERALD,EMERALD.BO
BSE,EMERALL,EMERALL.BO
BSE,EMERGENT,EMERGENT.BO
BSE,EMIAC,EMIAC.BO
BSE,EMIL,EMIL.BO
BSE,EMKAY,EMKAY.BO
BSE,EMMBI,EMMBI.BO
BSE,EMMESSA,EMMESSA.BO
BSE,EMMFORCE,EMMFORCE.BO
BSE,EMMVEE,EMMVEE.BO
BSE,EMPIND,EMPIND.BO
BSE,EMPOWER,EMPOWER.BO
BSE,EMROCK,EMROCK.BO
BSE,EMSLIMITED,EMSLIMITED.BO
BSE,EMUDHRA,EMUDHRA.BO
BSE,ENBETRD,ENBETRD.BO
BSE,ENDURANCE,ENDURANCE.BO
BSE,ENERGYAXIS,ENERGYAXIS.BO
BSE,ENERGYDEV,ENERGYDEV.BO
BSE,ENERGYINF,ENERGYINF.BO
BSE,ENEXT50,ENEXT50.BO
BSE,ENGINERSIN,ENGINERSIN.BO
BSE,ENIL,ENIL.BO
BSE,ENKEIWHEL,ENKEIWHEL.BO
BSE,ENRIN,ENRIN.BO
BSE,ENS,ENS.BO
BSE,ENTERO,ENTERO.BO
BSE,ENTRINT,ENTRINT.BO
BSE,ENVAIREL,ENVAIREL.BO
BSE,EPACK,EPACK.BO
BSE,EPACKPEB,EPACKPEB.BO
BSE,EPBIO,EPBIO.BO
BSE,EPIC,EPIC.BO
BSE,EPIGRAL,EPIGRAL.BO
BSE,EPL,EPL.BO
BSE,EPSOMPRO,EPSOMPRO.BO
BSE,EPUJA,EPUJA.BO
BSE,EQUAL200,EQUAL200.BO
BSE,EQUAL50,EQUAL50.BO
BSE,EQUAL50ADD,EQUAL50ADD.BO
BSE,EQUILATERA,EQUILATERA.BO
BSE,EQUIPPP,EQUIPPP.BO
BSE,EQUITASBNK,EQUITASBNK.BO
BSE,ERIS,ERIS.BO
BSE,ERPSOFT,ERPSOFT.BO
BSE,ESABINDIA,ESABINDIA.BO
BSE,ESAFSFB,ESAFSFB.BO
BSE,ESARIND,ESARIND.BO
BSE,ESCORP,ESCORP.BO
BSE,ESCORTS,ESCORTS.BO
BSE,ESDS,ESDS.BO
BSE,ESENSEX,ESENSEX.BO
BSE,ESG,ESG.BO
BSE,ESHAMEDIA,ESHAMEDIA.BO
BSE,ESPIRE,ESPIRE.BO
BSE,ESQRMON,ESQRMON.BO
BSE,ESSARSHPNG,ESSARSHPNG.BO
BSE,ESSENTIA,ESSENTIA.BO
BSE,ESSEX,ESSEX.BO
BSE,ESTER,ESTER.BO
BSE,ETERNAL,ETERNAL.BO
BSE,ETHOSLTD,ETHOSLTD.BO
BSE,ETIL,ETIL.BO
BSE,EUPHORIAIT,EUPHORIAIT.BO
BSE,EUREKAFORB,EUREKAFORB.BO
BSE,EUREKAI,EUREKAI.BO
BSE,EUROBOND,EUROBOND.BO
BSE,EUROLED,EUROLED.BO
BSE,EUROPRATIK,EUROPRATIK.BO
BSE,EUROTEXIND,EUROTEXIND.BO
BSE,EVANS,EVANS.BO
BSE,EVEREADY,EVEREADY.BO
BSE,EVERESTIND,EVERESTIND.BO
BSE,EVERESTO,EVERESTO.BO
BSE,EVERFIN,EVERFIN.BO
BSE,EVEXIA,EVEXIA.BO
BSE,EVIETF,EVIETF.BO
BSE,EVINDIA,EVINDIA.BO
BSE,EVOQ,EVOQ.BO
BSE,EXATO,EXATO.BO
BSE,EXCELINDUS,EXCELINDUS.BO
BSE,EXCELSOFT,EXCELSOFT.BO
BSE,EXHICON,EXHICON.BO
BSE,EXICOM,EXICOM.BO
BSE,EXIDEIND,EXIDEIND.BO
BSE,EXPLEOSOL,EXPLEOSOL.BO
BSE,EXPLICITFIN,EXPLICITFIN.BO
BSE,EXPOEAPL,EXPOEAPL.BO
BSE,EXXARO,EXXARO.BO
BSE,EY,EY.BO
BSE,FAALCON,FAALCON.BO
BSE,FABCLEAN,FABCLEAN.BO
BSE,FABINO,FABINO.BO
BSE,FABTECH,FABTECH.BO
BSE,FACORALL,FACORALL.BO
BSE,FACT,FACT.BO
BSE,FAIRCHEMOR,FAIRCHEMOR.BO
BSE,FAMILYCARE,FAMILYCARE.BO
BSE,FARMPEACE,FARMPEACE.BO
BSE,FAZE3Q,FAZE3Q.BO
BSE,FCL,FCL.BO
BSE,FCSSOFT,FCSSOFT.BO
BSE,FDC,FDC.BO
BSE,FEDDERSHOL,FEDDERSHOL.BO
BSE,FEDERALBNK,FEDERALBNK.BO
BSE,FEDFINA,FEDFINA.BO
BSE,FEL,FEL.BO
BSE,FELDVR,FELDVR.BO
BSE,FERMENTA,FERMENTA.BO
BSE,FERVENTSYN,FERVENTSYN.BO
BSE,FFPL,FFPL.BO
BSE,FGP,FGP.BO
BSE,FIBERWEB,FIBERWEB.BO
BSE,FIEMIND,FIEMIND.BO
BSE,FIL,FIL.BO
BSE,FILATEX,FILATEX.BO
BSE,FILATFASH,FILATFASH.BO
BSE,FILME,FILME.BO
BSE,FILTRA,FILTRA.BO
BSE,FILTRON,FILTRON.BO
BSE,FINANCE,FINANCE.BO
BSE,FINCABLES,FINCABLES.BO
BSE,FINELINE,FINELINE.BO
BSE,FINEORG,FINEORG.BO
BSE,FINIETF,FINIETF.BO
BSE,FINKURVE,FINKURVE.BO
BSE,FINOPB,FINOPB.BO
BSE,FINPIPE,FINPIPE.BO
BSE,FIRSTCRY,FIRSTCRY.BO
BSE,FIRSTFIN,FIRSTFIN.BO
BSE,FISCHER,FISCHER.BO
BSE,FIVESTAR,FIVESTAR.BO
BSE,FLAIR,FLAIR.BO
BSE,FLEXFO,FLEXFO.BO
BSE,FLEXIADD,FLEXIADD.BO
BSE,FLEXITUFF,FLEXITUFF.BO
BSE,FLFL,FLFL.BO
BSE,FLOMIC,FLOMIC.BO
BSE,FLORACORP,FLORACORP.BO
BSE,FLUIDOM,FLUIDOM.BO
BSE,FLUOROCHEM,FLUOROCHEM.BO
BSE,FLYHI,FLYHI.BO
BSE,FMCGADD,FMCGADD.BO
BSE,FMCGIETF,FMCGIETF.BO
BSE,FMGOETZE,FMGOETZE.BO
BSE,FMNL,FMNL.BO
BSE,FOCUS,FOCUS.BO
BSE,FOODSIN,FOODSIN.BO
BSE,FORBESCO,FORBESCO.BO
BSE,FORCEMOT,FORCEMOT.BO
BSE,FORINTL,FORINTL.BO
BSE,FORTIS,FORTIS.BO
BSE,FORTISMLR,FORTISMLR.BO
BSE,FOSECOC,FOSECOC.BO
BSE,FOSECOIND,FOSECOIND.BO
BSE,FRACTAL,FRACTAL.BO
BSE,FRANKLIN,FRANKLIN.BO
BSE,FRANKLININD,FRANKLININD.BO
BSE,FRASER,FRASER.BO
BSE,FRATELLI,FRATELLI.BO
BSE,FREDUN,FREDUN.BO
BSE,FRESITA,FRESITA.BO
BSE,FRONTCAP,FRONTCAP.BO
BSE,FRONTCORP,FRONTCORP.BO
BSE,FRONTFN,FRONTFN.BO
BSE,FRONTSP,FRONTSP.BO
BSE,FRUTION,FRUTION.BO
BSE,FSL,FSL.BO
BSE,FTL,FTL.BO
BSE,FUNDVISER,FUNDVISER.BO
BSE,FUSION,FUSION.BO
BSE,FUTSOL,FUTSOL.BO
BSE,FUTURSEC,FUTURSEC.BO
BSE,FYNX,FYNX.BO
BSE,GABRIEL,GABRIEL.BO
BSE,GAEL,GAEL.BO
BSE,GAGAN,GAGAN.BO
BSE,GAIL,GAIL.BO
BSE,GAJA,GAJA.BO
BSE,GAJANANSEC,GAJANANSEC.BO
BSE,GALACTICO,GALACTICO.BO
BSE,GALADA,GALADA.BO
BSE,GALADAFIN,GALADAFIN.BO
BSE,GALAGEX,GALAGEX.BO
BSE,GALAPREC,GALAPREC.BO
BSE,GALAXYSURF,GALAXYSURF.BO
BSE,GALLANTT,GALLANTT.BO
BSE,GALLARD,GALLARD.BO
BSE,GALLOPENT,GALLOPENT.BO
BSE,GALXBRG,GALXBRG.BO
BSE,GAMCO,GAMCO.BO
BSE,GANDHAR,GANDHAR.BO
BSE,GANDHITUBE,GANDHITUBE.BO
BSE,GANECOS,GANECOS.BO
BSE,GANESHBE,GANESHBE.BO
BSE,GANESHCP,GANESHCP.BO
BSE,GANESHHOU,GANESHHOU.BO
BSE,GANGAPA,GANGAPA.BO
BSE,GANGAPHARM,GANGAPHARM.BO
BSE,GANGESSECU,GANGESSECU.BO
BSE,GANHOLD,GANHOLD.BO
BSE,GANONPRO,GANONPRO.BO
BSE,GANVERSE,GANVERSE.BO
BSE,GARBIFIN,GARBIFIN.BO
BSE,GARFIBRES,GARFIBRES.BO
BSE,GARGFUR,GARGFUR.BO
BSE,GARGI,GARGI.BO
BSE,GARMNTMNTR,GARMNTMNTR.BO
BSE,GARNET,GARNET.BO
BSE,GARNETINT,GARNETINT.BO
BSE,GARUDA,GARUDA.BO
BSE,GARWAMAR,GARWAMAR.BO
BSE,GARWAOFFS,GARWAOFFS.BO
BSE,GARWSYN,GARWSYN.BO
BSE,GATECH,GATECH.BO
BSE,GATECHDVR,GATECHDVR.BO
BSE,GATEWAY,GATEWAY.BO
BSE,GAUDIUMIVF,GAUDIUMIVF.BO
BSE,GAYAHWS,GAYAHWS.BO
BSE,GAYAPROJ,GAYAPROJ.BO
BSE,GAYATRI,GAYATRI.BO
BSE,GAYATRIBI,GAYATRIBI.BO
BSE,GBFL,GBFL.BO
BSE,GBLINFRA,GBLINFRA.BO
BSE,GBLOGISTIC,GBLOGISTIC.BO
BSE,GCMCAPI,GCMCAPI.BO
BSE,GCMCOMM,GCMCOMM.BO
BSE,GCMSECU,GCMSECU.BO
BSE,GCONNECT,GCONNECT.BO
BSE,GCSL,GCSL.BO
BSE,GDLLEAS,GDLLEAS.BO
BSE,GEE,GEE.BO
BSE,GEECEE,GEECEE.BO
BSE,GEL,GEL.BO
BSE,GEMAROMA,GEMAROMA.BO
BSE,GEMENVIRO,GEMENVIRO.BO
BSE,GEMSI,GEMSI.BO
BSE,GEMSPIN,GEMSPIN.BO
BSE,GENCON,GENCON.BO
BSE,GENESYS,GENESYS.BO
BSE,GENNEX,GENNEX.BO
BSE,GENPHARMA,GENPHARMA.BO
BSE,GENSOL,GENSOL.BO
BSE,GENUSPAPER,GENUSPAPER.BO
BSE,GENUSPOWER,GENUSPOWER.BO
BSE,GENUSPRIME,GENUSPRIME.BO
BSE,GEOJITFSL,GEOJITFSL.BO
BSE,GESHIP,GESHIP.BO
BSE,GETALONG,GETALONG.BO
BSE,GFLLIMITED,GFLLIMITED.BO
BSE,GFSTEELS,GFSTEELS.BO
BSE,GGAUTO,GGAUTO.BO
BSE,GGDPROP,GGDPROP.BO
BSE,GGL,GGL.BO
BSE,GGPL,GGPL.BO
BSE,GHCL,GHCL.BO
BSE,GHCLTEXTIL,GHCLTEXTIL.BO
BSE,GHUSHINE,GHUSHINE.BO
BSE,GHVINFRA,GHVINFRA.BO
BSE,GIANLIFE,GIANLIFE.BO
BSE,GICHSGFIN,GICHSGFIN.BO
BSE,GICRE,GICRE.BO
BSE,GILADAFINS,GILADAFINS.BO
BSE,GILLANDERS,GILLANDERS.BO
BSE,GILLETTE,GILLETTE.BO
BSE,GINISILK,GINISILK.BO
BSE,GINNIFILA,GINNIFILA.BO
BSE,GIPCL,GIPCL.BO
BSE,GITARENEW,GITARENEW.BO
BSE,GKB,GKB.BO
BSE,GKCONS,GKCONS.BO
BSE,GKENERGY,GKENERGY.BO
BSE,GKL,GKL.BO
BSE,GKP,GKP.BO
BSE,GKSL,GKSL.BO
BSE,GLAAMUP,GLAAMUP.BO
BSE,GLANCE,GLANCE.BO
BSE,GLAND,GLAND.BO
BSE,GLASSWALL,GLASSWALL.BO
BSE,GLAXO,GLAXO.BO
BSE,GLCL,GLCL.BO
BSE,GLEN,GLEN.BO
BSE,GLENMARK,GLENMARK.BO
BSE,GLFL,GLFL.BO
BSE,GLHRL,GLHRL.BO
BSE,GLITTEKG,GLITTEKG.BO
BSE,GLOBALCA,GLOBALCA.BO
BSE,GLOBALE,GLOBALE.BO
BSE,GLOBALLOG,GLOBALLOG.BO
BSE,GLOBALVECT,GLOBALVECT.BO
BSE,GLOBECIVIL,GLOBECIVIL.BO
BSE,GLOBTIER,GLOBTIER.BO
BSE,GLOBUSCON,GLOBUSCON.BO
BSE,GLOBUSSPR,GLOBUSSPR.BO
BSE,GLOSTERLTD,GLOSTERLTD.BO
BSE,GLOTTIS,GLOTTIS.BO
BSE,GLPL,GLPL.BO
BSE,GMBREW,GMBREW.BO
BSE,GMDCLTD,GMDCLTD.BO
BSE,GMMPFAUDLR,GMMPFAUDLR.BO
BSE,GMPL,GMPL.BO
BSE,GMRAIRPORT,GMRAIRPORT.BO
BSE,GMRP&UI,GMRP&UI.BO
BSE,GNA,GNA.BO
BSE,GNFC,GNFC.BO
BSE,GNRL,GNRL.BO
BSE,GOACARBON,GOACARBON.BO
BSE,GOBLIN,GOBLIN.BO
BSE,GOCLCORP,GOCLCORP.BO
BSE,GOCOLORS,GOCOLORS.BO
BSE,GODAVARI,GODAVARI.BO
BSE,GODAVARIB,GODAVARIB.BO
BSE,GODFRYPHLP,GODFRYPHLP.BO
BSE,GODIGIT,GODIGIT.BO
BSE,GODREJAGRO,GODREJAGRO.BO
BSE,GODREJCP,GODREJCP.BO
BSE,GODREJIND,GODREJIND.BO
BSE,GODREJPROP,GODREJPROP.BO
BSE,GOEL,GOEL.BO
BSE,GOELCONS,GOELCONS.BO
BSE,GOGIACAPGL,GOGIACAPGL.BO
BSE,GOKAKTEX,GOKAKTEX.BO
BSE,GOKEX,GOKEX.BO
BSE,GOKUL,GOKUL.BO
BSE,GOKULAGRO,GOKULAGRO.BO
BSE,GOLCA,GOLCA.BO
BSE,GOLD1,GOLD1.BO
BSE,GOLD360,GOLD360.BO
BSE,GOLDADD,GOLDADD.BO
BSE,GOLDAXIS,GOLDAXIS.BO
BSE,GOLDBEES,GOLDBEES.BO
BSE,GOLDBETA,GOLDBETA.BO
BSE,GOLDBND,GOLDBND.BO
BSE,GOLDCASE,GOLDCASE.BO
BSE,GOLDCOINHF,GOLDCOINHF.BO
BSE,GOLDENCREST,GOLDENCREST.BO
BSE,GOLDENTOBC,GOLDENTOBC.BO
BSE,GOLDETF,GOLDETF.BO
BSE,GOLDIAM,GOLDIAM.BO
BSE,GOLDIETF,GOLDIETF.BO
BSE,GOLDLEG,GOLDLEG.BO
BSE,GOLDTECH,GOLDTECH.BO
BSE,GOLECHA,GOLECHA.BO
BSE,GOLKUNDIA,GOLKUNDIA.BO
BSE,GOODLUCK,GOODLUCK.BO
BSE,GOODRICKE,GOODRICKE.BO
BSE,GOODYEAR,GOODYEAR.BO
BSE,GOPAL,GOPAL.BO
BSE,GORANIN,GORANIN.BO
BSE,GOTHIPL,GOTHIPL.BO
BSE,GOURMET,GOURMET.BO
BSE,GOWRALE,GOWRALE.BO
BSE,GOYALALUM,GOYALALUM.BO
BSE,GOYALASS,GOYALASS.BO
BSE,GPAPL,GPAPL.BO
BSE,GPIL,GPIL.BO
BSE,GPPL,GPPL.BO
BSE,GPSL,GPSL.BO
BSE,GPTHEALTH,GPTHEALTH.BO
BSE,GPTINFRA,GPTINFRA.BO
BSE,GRAMEVA,GRAMEVA.BO
BSE,GRANDMA,GRANDMA.BO
BSE,GRANDOAK,GRANDOAK.BO
BSE,GRANULES,GRANULES.BO
BSE,GRAPHITE,GRAPHITE.BO
BSE,GRASIM,GRASIM.BO
BSE,GRATEXI,GRATEXI.BO
BSE,GRAUWEIL,GRAUWEIL.BO
BSE,GRAVISSHO,GRAVISSHO.BO
BSE,GRAVITA,GRAVITA.BO
BSE,GRAVITY,GRAVITY.BO
BSE,GREAVESCOT,GREAVESCOT.BO
BSE,GREENCREST,GREENCREST.BO
BSE,GREENLAM,GREENLAM.BO
BSE,GREENPANEL,GREENPANEL.BO
BSE,GREENPLY,GREENPLY.BO
BSE,GREENPOWER,GREENPOWER.BO
BSE,GRERENEW,GRERENEW.BO
BSE,GRINDWELL,GRINDWELL.BO
BSE,GRINFRA,GRINFRA.BO
BSE,GRMOVER,GRMOVER.BO
BSE,GROARC,GROARC.BO
BSE,GROVY,GROVY.BO
BSE,GROWINGTON,GROWINGTON.BO
BSE,GROWW,GROWW.BO
BSE,GROWWDEFNC,GROWWDEFNC.BO
BSE,GROWWHOSPI,GROWWHOSPI.BO
BSE,GROWWPOWER,GROWWPOWER.BO
BSE,GROWWSLVR,GROWWSLVR.BO
BSE,GRPLTD,GRPLTD.BO
BSE,GRSE,GRSE.BO
BSE,GRWRHITECH,GRWRHITECH.BO
BSE,GSAUTO,GSAUTO.BO
BSE,GSBFIN,GSBFIN.BO
BSE,GSFC,GSFC.BO
BSE,GSLSEC,GSLSEC.BO
BSE,GSLSU,GSLSU.BO
BSE,GSLTD,GSLTD.BO
BSE,GSPCROP,GSPCROP.BO
BSE,GSS,GSS.BO
BSE,GSTL,GSTL.BO
BSE,GTIL,GTIL.BO
BSE,GTL,GTL.BO
BSE,GTLINFRA,GTLINFRA.BO
BSE,GTNINDS,GTNINDS.BO
BSE,GTNTEX,GTNTEX.BO
BSE,GTPL,GTPL.BO
BSE,GTTDATA,GTTDATA.BO
BSE,GTV,GTV.BO
BSE,GUFICBIO,GUFICBIO.BO
BSE,GUJALKALI,GUJALKALI.BO
BSE,GUJAPOLLO,GUJAPOLLO.BO
BSE,GUJARATPOLY,GUJARATPOLY.BO
BSE,GUJCONT,GUJCONT.BO
BSE,GUJCOTEX,GUJCOTEX.BO
BSE,GUJCRAFT,GUJCRAFT.BO
BSE,GUJCRED,GUJCRED.BO
BSE,GUJENERGY,GUJENERGY.BO
BSE,GUJHOTE,GUJHOTE.BO
BSE,GUJHYSPIN,GUJHYSPIN.BO
BSE,GUJINJEC,GUJINJEC.BO
BSE,GUJINTRX,GUJINTRX.BO
BSE,GUJINV,GUJINV.BO
BSE,GUJJUBHAI,GUJJUBHAI.BO
BSE,GUJPETR,GUJPETR.BO
BSE,GUJRAFFIA,GUJRAFFIA.BO
BSE,GUJSTATFIN,GUJSTATFIN.BO
BSE,GUJTERC,GUJTERC.BO
BSE,GUJTHEM,GUJTHEM.BO
BSE,GUJTLRM,GUJTLRM.BO
BSE,GUJWIND,GUJWIND.BO
BSE,GULFLLOYDS,GULFLLOYDS.BO
BSE,GULFOILLUB,GULFOILLUB.BO
BSE,GULFPETRO,GULFPETRO.BO
BSE,GULPOLY,GULPOLY.BO
BSE,GVBL,GVBL.BO
BSE,GVELECTRIC,GVELECTRIC.BO
BSE,GVFILM,GVFILM.BO
BSE,GVKPIL,GVKPIL.BO
BSE,GVL,GVL.BO
BSE,GVPIL,GVPIL.BO
BSE,GVT&D,GVT&D.BO
BSE,GYANDEV,GYANDEV.BO
BSE,GYFTR,GYFTR.BO
BSE,HAL,HAL.BO
BSE,HALDER,HALDER.BO
BSE,HALDYNGL,HALDYNGL.BO
BSE,HALEOSLABS,HALEOSLABS.BO
BSE,HAMPS,HAMPS.BO
BSE,HAMPTON,HAMPTON.BO
BSE,HANMAN,HANMAN.BO
BSE,HANNAH,HANNAH.BO
BSE,HANSUGAR,HANSUGAR.BO
BSE,HAPPSTMNDS,HAPPSTMNDS.BO
BSE,HAPPYFORGE,HAPPYFORGE.BO
BSE,HARAFIN,HARAFIN.BO
BSE,HARCR,HARCR.BO
BSE,HARDCAS,HARDCAS.BO
BSE,HARDWYN,HARDWYN.BO
BSE,HARIAAPL,HARIAAPL.BO
BSE,HARIAEXPO,HARIAEXPO.BO
BSE,HARIKANTA,HARIKANTA.BO
BSE,HARIOMPIPE,HARIOMPIPE.BO
BSE,HARISH,HARISH.BO
BSE,HARLETH,HARLETH.BO
BSE,HARRMALAYA,HARRMALAYA.BO
BSE,HARSHA,HARSHA.BO
BSE,HARSHDEEP,HARSHDEEP.BO
BSE,HARSHILAGR,HARSHILAGR.BO
BSE,HARYNACAP,HARYNACAP.BO
BSE,HASTIFIN,HASTIFIN.BO
BSE,HATHWAY,HATHWAY.BO
BSE,HATHWAYB,HATHWAYB.BO
BSE,HATSUN,HATSUN.BO
BSE,HAVELLS,HAVELLS.BO
BSE,HAVISHA,HAVISHA.BO
BSE,HAWAENG,HAWAENG.BO
BSE,HAWKINCOOK,HAWKINCOOK.BO
BSE,HAZOOR,HAZOOR.BO
BSE,HBEL,HBEL.BO
BSE,HBESD,HBESD.BO
BSE,HBGHOTELS,HBGHOTELS.BO
BSE,HBLEAS,HBLEAS.BO
BSE,HBLENGINE,HBLENGINE.BO
BSE,HBPOR,HBPOR.BO
BSE,HBSL,HBSL.BO
BSE,HCC,HCC.BO
BSE,HCG,HCG.BO
BSE,HCKKVENTURE,HCKKVENTURE.BO
BSE,HCL-INSYS,HCL-INSYS.BO
BSE,HCLTD,HCLTD.BO
BSE,HCLTECH,HCLTECH.BO
BSE,HDBFS,HDBFS.BO
BSE,HDFCAMC,HDFCAMC.BO
BSE,HDFCBANK,HDFCBANK.BO
BSE,HDFCBSE500,HDFCBSE500.BO
BSE,HDFCGOLD,HDFCGOLD.BO
BSE,HDFCGROWTH,HDFCGROWTH.BO
BSE,HDFCLIFE,HDFCLIFE.BO
BSE,HDFCLOWVOL,HDFCLOWVOL.BO
BSE,HDFCMID150,HDFCMID150.BO
BSE,HDFCMOMENT,HDFCMOMENT.BO
BSE,HDFCNEXT50,HDFCNEXT50.BO
BSE,HDFCNIF100,HDFCNIF100.BO
BSE,HDFCNIFBAN,HDFCNIFBAN.BO
BSE,HDFCNIFIT,HDFCNIFIT.BO
BSE,HDFCNIFTY,HDFCNIFTY.BO
BSE,HDFCNIMEG,HDFCNIMEG.BO
BSE,HDFCPSUBK,HDFCPSUBK.BO
BSE,HDFCPVTBAN,HDFCPVTBAN.BO
BSE,HDFCQUAL,HDFCQUAL.BO
BSE,HDFCSENSEX,HDFCSENSEX.BO
BSE,HDFCSILVER,HDFCSILVER.BO
BSE,HDFCSML250,HDFCSML250.BO
BSE,HDFCVALUE,HDFCVALUE.BO
BSE,HDIL,HDIL.BO
BSE,HEADSUP,HEADSUP.BO
BSE,HEALTHADD,HEALTHADD.BO
BSE,HEALTHAXIS,HEALTHAXIS.BO
BSE,HEALTHCARE,HEALTHCARE.BO
BSE,HEALTHIETF,HEALTHIETF.BO
BSE,HEALTHX,HEALTHX.BO
BSE,HEALTHY,HEALTHY.BO
BSE,HEALTHYLIFE,HEALTHYLIFE.BO
BSE,HEERAISP,HEERAISP.BO
BSE,HEGAM,HEGAM.BO
BSE,HEIDELBERG,HEIDELBERG.BO
BSE,HELLOJI,HELLOJI.BO
BSE,HELPAGE,HELPAGE.BO
BSE,HEMANG,HEMANG.BO
BSE,HEMIPROP,HEMIPROP.BO
BSE,HERANBA,HERANBA.BO
BSE,HERCULES,HERCULES.BO
BSE,HERITGFOOD,HERITGFOOD.BO
BSE,HEROMOTOCO,HEROMOTOCO.BO
BSE,HEROMOTORS,HEROMOTORS.BO
BSE,HESTERBIO,HESTERBIO.BO
BSE,HEXAGON,HEXAGON.BO
BSE,HEXATRADEX,HEXATRADEX.BO
BSE,HEXT,HEXT.BO
BSE,HFCL,HFCL.BO
BSE,HFIL,HFIL.BO
BSE,HGINFRA,HGINFRA.BO
BSE,HGM,HGM.BO
BSE,HGS,HGS.BO
BSE,HIGHENE,HIGHENE.BO
BSE,HIGHNESS,HIGHNESS.BO
BSE,HIKAL,HIKAL.BO
BSE,HIKLASS,HIKLASS.BO
BSE,HILIKS,HILIKS.BO
BSE,HILINFRA,HILINFRA.BO
BSE,HILLTONE,HILLTONE.BO
BSE,HILTON,HILTON.BO
BSE,HIMATSEIDE,HIMATSEIDE.BO
BSE,HIMTEK,HIMTEK.BO
BSE,HINDADH,HINDADH.BO
BSE,HINDALCO,HINDALCO.BO
BSE,HINDALUMI,HINDALUMI.BO
BSE,HINDAPL,HINDAPL.BO
BSE,HINDBIO,HINDBIO.BO
BSE,HINDCOMPOS,HINDCOMPOS.BO
BSE,HINDCOPPER,HINDCOPPER.BO
BSE,HINDHARD,HINDHARD.BO
BSE,HINDMILL,HINDMILL.BO
BSE,HINDMOTORS,HINDMOTORS.BO
BSE,HINDOILEXP,HINDOILEXP.BO
BSE,HINDPETRO,HINDPETRO.BO
BSE,HINDTIN,HINDTIN.BO
BSE,HINDUNILVR,HINDUNILVR.BO
BSE,HINDUST,HINDUST.BO
BSE,HINDWAREAP,HINDWAREAP.BO
BSE,HINDZINC,HINDZINC.BO
BSE,HIPOLIN,HIPOLIN.BO
BSE,HIRAUTO,HIRAUTO.BO
BSE,HIRECT,HIRECT.BO
BSE,HISARMETAL,HISARMETAL.BO
BSE,HISARSP,HISARSP.BO
BSE,HITECH,HITECH.BO
BSE,HITECHCORP,HITECHCORP.BO
BSE,HITECHGEAR,HITECHGEAR.BO
BSE,HITKITGLO,HITKITGLO.BO
BSE,HITTCO,HITTCO.BO
BSE,HLEGLAS,HLEGLAS.BO
BSE,HLVLTD,HLVLTD.BO
BSE,HMAAGRO,HMAAGRO.BO
BSE,HMEML,HMEML.BO
BSE,HMT,HMT.BO
BSE,HMVL,HMVL.BO
BSE,HNDFDS,HNDFDS.BO
BSE,HNGSNGBEES,HNGSNGBEES.BO
BSE,HOCL,HOCL.BO
BSE,HOM,HOM.BO
BSE,HOMEFIRST,HOMEFIRST.BO
BSE,HONASA,HONASA.BO
BSE,HONAUT,HONAUT.BO
BSE,HONDAPOWER,HONDAPOWER.BO
BSE,HORIZON,HORIZON.BO
BSE,HORIZONIND,HORIZONIND.BO
BSE,HOTLSILV,HOTLSILV.BO
BSE,HOWARHO,HOWARHO.BO
BSE,HPAL,HPAL.BO
BSE,HPBL,HPBL.BO
BSE,HPCOTTON,HPCOTTON.BO
BSE,HPIL,HPIL.BO
BSE,HPL,HPL.BO
BSE,HRHYGIENE,HRHYGIENE.BO
BSE,HRS,HRS.BO
BSE,HRYNSHP,HRYNSHP.BO
BSE,HSBCGOLD,HSBCGOLD.BO
BSE,HSCL,HSCL.BO
BSE,HSIL,HSIL.BO
BSE,HTEL,HTEL.BO
BSE,HTMEDIA,HTMEDIA.BO
BSE,HUBTOWN,HUBTOWN.BO
BSE,HUDCO,HUDCO.BO
BSE,HUHTAMAKI,HUHTAMAKI.BO
BSE,HYBRIDETF,HYBRIDETF.BO
BSE,HYBRIDFIN,HYBRIDFIN.BO
BSE,HYPERSOFT,HYPERSOFT.BO
BSE,HYUNDAI,HYUNDAI.BO
BSE,IBINFO,IBINFO.BO
BSE,IBULLSLTD,IBULLSLTD.BO
BSE,ICDSLTD,ICDSLTD.BO
BSE,ICICIAMC,ICICIAMC.BO
BSE,ICICIB22,ICICIB22.BO
BSE,ICICIBANK,ICICIBANK.BO
BSE,ICICIGI,ICICIGI.BO
BSE,ICICIPRULI,ICICIPRULI.BO
BSE,ICIL,ICIL.BO
BSE,ICL,ICL.BO
BSE,ICODEX,ICODEX.BO
BSE,ICON,ICON.BO
BSE,ICONIKSPEV,ICONIKSPEV.BO
BSE,ICRA,ICRA.BO
BSE,ICSL,ICSL.BO
BSE,IDBI,IDBI.BO
BSE,IDEA,IDEA.BO
BSE,IDEAFORGE,IDEAFORGE.BO
BSE,IDENTIXWEB,IDENTIXWEB.BO
BSE,IDFCFIRSTB,IDFCFIRSTB.BO
BSE,IDFSENSEXE,IDFSENSEXE.BO
BSE,IDREAM,IDREAM.BO
BSE,IECEDU,IECEDU.BO
BSE,IEX,IEX.BO
BSE,IFBAGRO,IFBAGRO.BO
BSE,IFBIND,IFBIND.BO
BSE,IFCI,IFCI.BO
BSE,IFGLEXPOR,IFGLEXPOR.BO
BSE,IFINSEC,IFINSEC.BO
BSE,IFINSER,IFINSER.BO
BSE,IFL,IFL.BO
BSE,IGARASHI,IGARASHI.BO
BSE,IGCIL,IGCIL.BO
BSE,IGCL,IGCL.BO
BSE,IGIL,IGIL.BO
BSE,IGL,IGL.BO
BSE,IGLFXPL-B,IGLFXPL-B.BO
BSE,IGPL,IGPL.BO
BSE,IIFL,IIFL.BO
BSE,IIFLCAPS,IIFLCAPS.BO
BSE,IIRM,IIRM.BO
BSE,IITL,IITL.BO
BSE,IITLPROJ,IITLPROJ.BO
BSE,IKIO,IKIO.BO
BSE,IKOMA,IKOMA.BO
BSE,IKS,IKS.BO
BSE,IL&FSENGG,IL&FSENGG.BO
BSE,IL&FSTRANS,IL&FSTRANS.BO
BSE,IMAGICAA,IMAGICAA.BO
BSE,IMEC,IMEC.BO
BSE,IMFA,IMFA.BO
BSE,IMPAL,IMPAL.BO
BSE,IMPERA,IMPERA.BO
BSE,IMPEXFERRO,IMPEXFERRO.BO
BSE,INA,INA.BO
BSE,INANI,INANI.BO
BSE,INCAP,INCAP.BO
BSE,INCON,INCON.BO
BSE,INCREDIBLE,INCREDIBLE.BO
BSE,INDAG,INDAG.BO
BSE,INDAGIV,INDAGIV.BO
BSE,INDBANK,INDBANK.BO
BSE,INDBNK,INDBNK.BO
BSE,INDCEMCAP,INDCEMCAP.BO
BSE,INDCTST,INDCTST.BO
BSE,INDERGR,INDERGR.BO
BSE,INDGELA,INDGELA.BO
BSE,INDGN,INDGN.BO
BSE,INDHOTEL,INDHOTEL.BO
BSE,INDIACEM,INDIACEM.BO
BSE,INDIAGLYCO,INDIAGLYCO.BO
BSE,INDIAHOME,INDIAHOME.BO
BSE,INDIAHOMES,INDIAHOMES.BO
BSE,INDIAMART,INDIAMART.BO
BSE,INDIANACRY,INDIANACRY.BO
BSE,INDIANB,INDIANB.BO
BSE,INDIANCARD,INDIANCARD.BO
BSE,INDIANHUME,INDIANHUME.BO
BSE,INDIANVSH,INDIANVSH.BO
BSE,INDIASHLTR,INDIASHLTR.BO
BSE,INDIGO,INDIGO.BO
BSE,INDIGOPNTS,INDIGOPNTS.BO
BSE,INDIGRID,INDIGRID.BO
BSE,INDINFO,INDINFO.BO
BSE,INDIQUBE,INDIQUBE.BO
BSE,INDLEASE,INDLEASE.BO
BSE,INDNIPPON,INDNIPPON.BO
BSE,INDOAMIN,INDOAMIN.BO
BSE,INDOBELL,INDOBELL.BO
BSE,INDOBORAX,INDOBORAX.BO
BSE,INDOCITY,INDOCITY.BO
BSE,INDOCO,INDOCO.BO
BSE,INDOCRED,INDOCRED.BO
BSE,INDOEURO,INDOEURO.BO
BSE,INDOFARM,INDOFARM.BO
BSE,INDOKEM,INDOKEM.BO
BSE,INDOMIM,INDOMIM.BO
BSE,INDONG,INDONG.BO
BSE,INDORAMA,INDORAMA.BO
BSE,INDOSMC,INDOSMC.BO
BSE,INDOSTAR,INDOSTAR.BO
BSE,INDOTECH,INDOTECH.BO
BSE,INDOTHAI,INDOTHAI.BO
BSE,INDOUS,INDOUS.BO
BSE,INDOWIND,INDOWIND.BO
BSE,INDPRUD,INDPRUD.BO
BSE,INDRAMEDCO,INDRAMEDCO.BO
BSE,INDRANIB,INDRANIB.BO
BSE,INDRENEW,INDRENEW.BO
BSE,INDSILHYD,INDSILHYD.BO
BSE,INDSUCR,INDSUCR.BO
BSE,INDSWFTLAB,INDSWFTLAB.BO
BSE,INDTERRAIN,INDTERRAIN.BO
BSE,INDTONER,INDTONER.BO
BSE,INDUSFINL,INDUSFINL.BO
BSE,INDUSINDBK,INDUSINDBK.BO
BSE,INDUSINVIT,INDUSINVIT.BO
BSE,INDUSTOWER,INDUSTOWER.BO
BSE,INDXTRA,INDXTRA.BO
BSE,INFINITY,INFINITY.BO
BSE,INFLAME,INFLAME.BO
BSE,INFOBEAN,INFOBEAN.BO
BSE,INFOMEDIA,INFOMEDIA.BO
BSE,INFONATIVE,INFONATIVE.BO
BSE,INFORTEC,INFORTEC.BO
BSE,INFRA,INFRA.BO
BSE,INFRABEES,INFRABEES.BO
BSE,INFRAIETF,INFRAIETF.BO
BSE,INFRAX,INFRAX.BO
BSE,INFRONICS,INFRONICS.BO
BSE,INFY,INFY.BO
BSE,INGERRAND,INGERRAND.BO
BSE,INJECTO,INJECTO.BO
BSE,INLANPR,INLANPR.BO
BSE,INLCM,INLCM.BO
BSE,INNOKAIZ,INNOKAIZ.BO
BSE,INNOVACAP,INNOVACAP.BO
BSE,INNOVANA,INNOVANA.BO
BSE,INNOVATIVE,INNOVATIVE.BO
BSE,INNOVATORS,INNOVATORS.BO
BSE,INNOVISION,INNOVISION.BO
BSE,INNOVTEC,INNOVTEC.BO
BSE,INOXGREEN,INOXGREEN.BO
BSE,INOXINDIA,INOXINDIA.BO
BSE,INOXWIND,INOXWIND.BO
BSE,INSECTICID,INSECTICID.BO
BSE,INSPIRISYS,INSPIRISYS.BO
BSE,INSUREIETF,INSUREIETF.BO
BSE,INTCAPL,INTCAPL.BO
BSE,INTECCAP,INTECCAP.BO
BSE,INTEGFD,INTEGFD.BO
BSE,INTEGHIT,INTEGHIT.BO
BSE,INTEGRAEN,INTEGRAEN.BO
BSE,INTELLECT,INTELLECT.BO
BSE,INTENTECH,INTENTECH.BO
BSE,INTERARCH,INTERARCH.BO
BSE,INTERISE,INTERISE.BO
BSE,INTERNET,INTERNET.BO
BSE,INTETHR,INTETHR.BO
BSE,INTLCOMBQ,INTLCOMBQ.BO
BSE,INTLCONV,INTLCONV.BO
BSE,INTRGLB,INTRGLB.BO
BSE,INTSTOIL,INTSTOIL.BO
BSE,INVENTURE,INVENTURE.BO
BSE,INVIGO,INVIGO.BO
BSE,INVPRECQ,INVPRECQ.BO
BSE,IOB,IOB.BO
BSE,IOC,IOC.BO
BSE,IOLCP,IOLCP.BO
BSE,IONEXCHANG,IONEXCHANG.BO
BSE,IPCALAB,IPCALAB.BO
BSE,IPL,IPL.BO
BSE,IPRINGLTD,IPRINGLTD.BO
BSE,IRB,IRB.BO
BSE,IRBINVIT,IRBINVIT.BO
BSE,IRCON,IRCON.BO
BSE,IRCTC,IRCTC.BO
BSE,IREDA,IREDA.BO
BSE,IRFC,IRFC.BO
BSE,IRIS,IRIS.BO
BSE,IRMENERGY,IRMENERGY.BO
BSE,IRONWOOD,IRONWOOD.BO
BSE,ISCITRUST,ISCITRUST.BO
BSE,ISERA,ISERA.BO
BSE,ISFL,ISFL.BO
BSE,ISFT,ISFT.BO
BSE,ISGEC,ISGEC.BO
BSE,ISHANCH,ISHANCH.BO
BSE,ISHITADR,ISHITADR.BO
BSE,ISHWATR,ISHWATR.BO
BSE,ISLCONSUL,ISLCONSUL.BO
BSE,ISTLTD,ISTLTD.BO
BSE,ISTRNETWK,ISTRNETWK.BO
BSE,ITADD,ITADD.BO
BSE,ITAXIS,ITAXIS.BO
BSE,ITBEES,ITBEES.BO
BSE,ITBETA,ITBETA.BO
BSE,ITC,ITC.BO
BSE,ITCHOTELS,ITCHOTELS.BO
BSE,ITCONS,ITCONS.BO
BSE,ITDC,ITDC.BO
BSE,ITETF,ITETF.BO
BSE,ITHL,ITHL.BO
BSE,ITI,ITI.BO
BSE,ITIETF,ITIETF.BO
BSE,ITL,ITL.BO
BSE,IVALUE,IVALUE.BO
BSE,IVC,IVC.BO
BSE,IVP,IVP.BO
BSE,IVZINGOLD,IVZINGOLD.BO
BSE,IVZSENSEX,IVZSENSEX.BO
BSE,IWP,IWP.BO
BSE,IXIGO,IXIGO.BO
BSE,IZMO,IZMO.BO
BSE,J&KBANK,J&KBANK.BO
BSE,JACKSON,JACKSON.BO
BSE,JAFINANCE,JAFINANCE.BO
BSE,JAGAJITIND,JAGAJITIND.BO
BSE,JAGANLAM,JAGANLAM.BO
BSE,JAGJANANI,JAGJANANI.BO
BSE,JAGRAN,JAGRAN.BO
BSE,JAGSNPHARM,JAGSNPHARM.BO
BSE,JAGSONSER,JAGSONSER.BO
BSE,JAIBALAJI,JAIBALAJI.BO
BSE,JAICORPLTD,JAICORPLTD.BO
BSE,JAIHIND,JAIHIND.BO
BSE,JAIMATAG,JAIMATAG.BO
BSE,JAINCO,JAINCO.BO
BSE,JAINEX,JAINEX.BO
BSE,JAINMARMO,JAINMARMO.BO
BSE,JAINREC,JAINREC.BO
BSE,JAIPAN,JAIPAN.BO
BSE,JAMESWARREN,JAMESWARREN.BO
BSE,JAMNAAUTO,JAMNAAUTO.BO
BSE,JAMSHRI,JAMSHRI.BO
BSE,JARO,JARO.BO
BSE,JASCH,JASCH.BO
BSE,JASH,JASH.BO
BSE,JATTAINDUS,JATTAINDUS.BO
BSE,JAUSPOL,JAUSPOL.BO
BSE,JAYAGROGN,JAYAGROGN.BO
BSE,JAYANT,JAYANT.BO
BSE,JAYATMA,JAYATMA.BO
BSE,JAYBARMARU,JAYBARMARU.BO
BSE,JAYBHCR,JAYBHCR.BO
BSE,JAYCH,JAYCH.BO
BSE,JAYIND,JAYIND.BO
BSE,JAYKAILASH,JAYKAILASH.BO
BSE,JAYKAY,JAYKAY.BO
BSE,JAYNECOIND,JAYNECOIND.BO
BSE,JAYSREETEA,JAYSREETEA.BO
BSE,JAYSYNTH,JAYSYNTH.BO
BSE,JAYUSH,JAYUSH.BO
BSE,JBMA,JBMA.BO
BSE,JDCABLES,JDCABLES.BO
BSE,JENBURPH,JENBURPH.BO
BSE,JETFREIGHT,JETFREIGHT.BO
BSE,JETKINGQ,JETKINGQ.BO
BSE,JETSOLAR,JETSOLAR.BO
BSE,JFL,JFL.BO
BSE,JGCHEM,JGCHEM.BO
BSE,JGTL,JGTL.BO
BSE,JHACC,JHACC.BO
BSE,JHS,JHS.BO
BSE,JIGAR,JIGAR.BO
BSE,JINDALPHOT,JINDALPHOT.BO
BSE,JINDALPOLY,JINDALPOLY.BO
BSE,JINDALSAW,JINDALSAW.BO
BSE,JINDALSTEL,JINDALSTEL.BO
BSE,JINDCAP,JINDCAP.BO
BSE,JINDHOT,JINDHOT.BO
BSE,JINDRILL,JINDRILL.BO
BSE,JINDWORLD,JINDWORLD.BO
BSE,JIOFIN,JIOFIN.BO
BSE,JISLDVREQS,JISLDVREQS.BO
BSE,JISLJALEQS,JISLJALEQS.BO
BSE,JITFINFRA,JITFINFRA.BO
BSE,JIVIAL,JIVIAL.BO
BSE,JIYAECO,JIYAECO.BO
BSE,JJFINCOR,JJFINCOR.BO
BSE,JKAGRI,JKAGRI.BO
BSE,JKCEMENT,JKCEMENT.BO
BSE,JKIL,JKIL.BO
BSE,JKIPL,JKIPL.BO
BSE,JKLAKSHMI,JKLAKSHMI.BO
BSE,JKPAPER,JKPAPER.BO
BSE,JKTYRE,JKTYRE.BO
BSE,JLHL,JLHL.BO
BSE,JLL,JLL.BO
BSE,JMDVL,JMDVL.BO
BSE,JMFINANCIL,JMFINANCIL.BO
BSE,JMJFIN,JMJFIN.BO
BSE,JNKINDIA,JNKINDIA.BO
BSE,JNPR,JNPR.BO
BSE,JOHNPHARMA,JOHNPHARMA.BO
BSE,JOINDRE,JOINDRE.BO
BSE,JOINTECAED,JOINTECAED.BO
BSE,JOJO,JOJO.BO
BSE,JOLYPLS,JOLYPLS.BO
BSE,JONJUA,JONJUA.BO
BSE,JOSTS,JOSTS.BO
BSE,JPOLYINVST,JPOLYINVST.BO
BSE,JPPOWER,JPPOWER.BO
BSE,JPTRLES,JPTRLES.BO
BSE,JSFB,JSFB.BO
BSE,JSHL,JSHL.BO
BSE,JSIPL,JSIPL.BO
BSE,JSL,JSL.BO
BSE,JSLINDL,JSLINDL.BO
BSE,JSLL,JSLL.BO
BSE,JSTL,JSTL.BO
BSE,JSWCEMENT,JSWCEMENT.BO
BSE,JSWDULUX,JSWDULUX.BO
BSE,JSWENERGY,JSWENERGY.BO
BSE,JSWHL,JSWHL.BO
BSE,JSWINFRA,JSWINFRA.BO
BSE,JSWSTEEL,JSWSTEEL.BO
BSE,JTEKTINDIA,JTEKTINDIA.BO
BSE,JTLDEFENCE,JTLDEFENCE.BO
BSE,JTLIND,JTLIND.BO
BSE,JUBLCPL,JUBLCPL.BO
BSE,JUBLFOOD,JUBLFOOD.BO
BSE,JUBLINGREA,JUBLINGREA.BO
BSE,JUBLPHARMA,JUBLPHARMA.BO
BSE,JUJHARLOGI,JUJHARLOGI.BO
BSE,JULIEN,JULIEN.BO
BSE,JUMBO,JUMBO.BO
BSE,JUNGLECAMP,JUNGLECAMP.BO
BSE,JUNIORBEES,JUNIORBEES.BO
BSE,JUNIPER,JUNIPER.BO
BSE,JUPITERIN,JUPITERIN.BO
BSE,JUSTDIAL,JUSTDIAL.BO
BSE,JUSTO,JUSTO.BO
BSE,JWL,JWL.BO
BSE,JYOTHYLAB,JYOTHYLAB.BO
BSE,JYOTI,JYOTI.BO
BSE,JYOTICNC,JYOTICNC.BO
BSE,JYOTIRES,JYOTIRES.BO
BSE,JYOTISTRUC,JYOTISTRUC.BO
BSE,KAARYAFSL,KAARYAFSL.BO
BSE,KABRADG,KABRADG.BO
BSE,KABRAEXTRU,KABRAEXTRU.BO
BSE,KABSON,KABSON.BO
BSE,KACHCHH,KACHCHH.BO
BSE,KACL,KACL.BO
BSE,KAHAN,KAHAN.BO
BSE,KAIRA,KAIRA.BO
BSE,KAIZENAGRO,KAIZENAGRO.BO
BSE,KAJARIACER,KAJARIACER.BO
BSE,KAJARIR,KAJARIR.BO
BSE,KAKA,KAKA.BO
BSE,KAKATCEM,KAKATCEM.BO
BSE,KAKTEX,KAKTEX.BO
BSE,KALAMANDIR,KALAMANDIR.BO
BSE,KALIND,KALIND.BO
BSE,KALLAM,KALLAM.BO
BSE,KALPACOMME,KALPACOMME.BO
BSE,KALPATARU,KALPATARU.BO
BSE,KALYANCAP,KALYANCAP.BO
BSE,KALYANI,KALYANI.BO
BSE,KALYANIFRG,KALYANIFRG.BO
BSE,KALYANKJIL,KALYANKJIL.BO
BSE,KAMADGIRI,KAMADGIRI.BO
BSE,KAMAHOLD,KAMAHOLD.BO
BSE,KAMANWALA,KAMANWALA.BO
BSE,KAMATHOTEL,KAMATHOTEL.BO
BSE,KAMATS,KAMATS.BO
BSE,KAMDHENU,KAMDHENU.BO
BSE,KAMOPAINTS,KAMOPAINTS.BO
BSE,KANANIIND,KANANIIND.BO
BSE,KANCHI,KANCHI.BO
BSE,KANCOTEA,KANCOTEA.BO
BSE,KANELIND,KANELIND.BO
BSE,KANISHK,KANISHK.BO
BSE,KANOHAR,KANOHAR.BO
BSE,KANORICHEM,KANORICHEM.BO
BSE,KANPRPLA,KANPRPLA.BO
BSE,KANSAINER,KANSAINER.BO
BSE,KANSHST,KANSHST.BO
BSE,KANUNGO,KANUNGO.BO
BSE,KAPILRAJ,KAPILRAJ.BO
BSE,KARAMTARA,KARAMTARA.BO
BSE,KARANWO,KARANWO.BO
BSE,KARBON,KARBON.BO
BSE,KARMAENG,KARMAENG.BO
BSE,KARNAVATI,KARNAVATI.BO
BSE,KARNAWATI,KARNAWATI.BO
BSE,KARTKIN,KARTKIN.BO
BSE,KARURVYSYA,KARURVYSYA.BO
BSE,KASTURI,KASTURI.BO
BSE,KATIPATANG,KATIPATANG.BO
BSE,KATRSPG,KATRSPG.BO
BSE,KAUSHALYA,KAUSHALYA.BO
BSE,KAVDEFENCE,KAVDEFENCE.BO
BSE,KAYA,KAYA.BO
BSE,KAYCEEI,KAYCEEI.BO
BSE,KAYNES,KAYNES.BO
BSE,KAYPOWR,KAYPOWR.BO
BSE,KBSINDIA,KBSINDIA.BO
BSE,KCDGROUP,KCDGROUP.BO
BSE,KCLINFRA,KCLINFRA.BO
BSE,KCP,KCP.BO
BSE,KCPSUGIND,KCPSUGIND.BO
BSE,KCSL,KCSL.BO
BSE,KDDL,KDDL.BO
BSE,KDGREEN,KDGREEN.BO
BSE,KDML,KDML.BO
BSE,KEC,KEC.BO
BSE,KECL,KECL.BO
BSE,KEEPLEARN,KEEPLEARN.BO
BSE,KEERTHI,KEERTHI.BO
BSE,KEI,KEI.BO
BSE,KEIL,KEIL.BO
BSE,KEL,KEL.BO
BSE,KELENRG,KELENRG.BO
BSE,KELLTONTEC,KELLTONTEC.BO
BSE,KEMISTAR,KEMISTAR.BO
BSE,KEMP,KEMP.BO
BSE,KENFIN,KENFIN.BO
BSE,KENNAMET,KENNAMET.BO
BSE,KENRIK,KENRIK.BO
BSE,KENVI,KENVI.BO
BSE,KERALAYUR,KERALAYUR.BO
BSE,KERNEX,KERNEX.BO
BSE,KESAR,KESAR.BO
BSE,KESARENT,KESARENT.BO
BSE,KESARPE,KESARPE.BO
BSE,KESORAMIND,KESORAMIND.BO
BSE,KETOMOTORS,KETOMOTORS.BO
BSE,KEYCORP,KEYCORP.BO
BSE,KEYFINSERV,KEYFINSERV.BO
BSE,KFBL,KFBL.BO
BSE,KFINTECH,KFINTECH.BO
BSE,KGDENIM,KGDENIM.BO
BSE,KGES,KGES.BO
BSE,KGPETRO,KGPETRO.BO
BSE,KGVL,KGVL.BO
BSE,KHADIM,KHADIM.BO
BSE,KHAICHEM,KHAICHEM.BO
BSE,KHAITANLTD,KHAITANLTD.BO
BSE,KHANDSE,KHANDSE.BO
BSE,KHAZANCHI,KHAZANCHI.BO
BSE,KHOOBSURAT,KHOOBSURAT.BO
BSE,KHYATI,KHYATI.BO
BSE,KIAASA,KIAASA.BO
BSE,KICL,KICL.BO
BSE,KIDUJA,KIDUJA.BO
BSE,KIFS,KIFS.BO
BSE,KILITCH,KILITCH.BO
BSE,KIMIABL,KIMIABL.BO
BSE,KIMS,KIMS.BO
BSE,KINETICENG,KINETICENG.BO
BSE,KINETRU,KINETRU.BO
BSE,KINGFA,KINGFA.BO
BSE,KINGSINFR,KINGSINFR.BO
BSE,KIOCL,KIOCL.BO
BSE,KIRANPR,KIRANPR.BO
BSE,KIRANSY-B,KIRANSY-B.BO
BSE,KIRANVYPAR,KIRANVYPAR.BO
BSE,KIRIINDUS,KIRIINDUS.BO
BSE,KIRLFER,KIRLFER.BO
BSE,KIRLOSBROS,KIRLOSBROS.BO
BSE,KIRLOSENG,KIRLOSENG.BO
BSE,KIRLOSIND,KIRLOSIND.BO
BSE,KIRLPNU,KIRLPNU.BO
BSE,KISAAN,KISAAN.BO
BSE,KISAN,KISAN.BO
BSE,KISSHT,KISSHT.BO
BSE,KITEX,KITEX.BO
BSE,KIZI,KIZI.BO
BSE,KJMCCORP,KJMCCORP.BO
BSE,KJMCFIN,KJMCFIN.BO
BSE,KKALPANAIND,KKALPANAIND.BO
BSE,KKCL,KKCL.BO
BSE,KKSHL,KKSHL.BO
BSE,KKSILK,KKSILK.BO
BSE,KLASSROOM,KLASSROOM.BO
BSE,KLBRENG-B,KLBRENG-B.BO
BSE,KLRFM,KLRFM.BO
BSE,KMCSHIL,KMCSHIL.BO
BSE,KMEW,KMEW.BO
BSE,KMFBLDR,KMFBLDR.BO
BSE,KMGMILK,KMGMILK.BO
BSE,KMSMEDI,KMSMEDI.BO
BSE,KMSUGAR,KMSUGAR.BO
BSE,KNACK,KNACK.BO
BSE,KNRCON,KNRCON.BO
BSE,KOBO,KOBO.BO
BSE,KOHINOOR,KOHINOOR.BO
BSE,KOIYAIN,KOIYAIN.BO
BSE,KOKUYOCMLN,KOKUYOCMLN.BO
BSE,KOLTEPATIL,KOLTEPATIL.BO
BSE,KONNDOR,KONNDOR.BO
BSE,KOPRAN,KOPRAN.BO
BSE,KOTAKBANK,KOTAKBANK.BO
BSE,KOTHARIPRO,KOTHARIPRO.BO
BSE,KOTIC,KOTIC.BO
BSE,KOTYARK,KOTYARK.BO
BSE,KOURA,KOURA.BO
BSE,KOVAI,KOVAI.BO
BSE,KPEL,KPEL.BO
BSE,KPGEL,KPGEL.BO
BSE,KPIGREEN,KPIGREEN.BO
BSE,KPIL,KPIL.BO
BSE,KPITTECH,KPITTECH.BO
BSE,KPL,KPL.BO
BSE,KPRMILL,KPRMILL.BO
BSE,KPT,KPT.BO
BSE,KRANTI,KRANTI.BO
BSE,KRATIKAL,KRATIKAL.BO
BSE,KRBL,KRBL.BO
BSE,KREBSBIO,KREBSBIO.BO
BSE,KREONFIN,KREONFIN.BO
BSE,KRETTOSYS,KRETTOSYS.BO
BSE,KRIDHANINF,KRIDHANINF.BO
BSE,KRIFILIND,KRIFILIND.BO
BSE,KRISHIVAL,KRISHIVAL.BO
BSE,KRISHNA,KRISHNA.BO
BSE,KRITI,KRITI.BO
BSE,KRITINUT,KRITINUT.BO
BSE,KRN,KRN.BO
BSE,KRONOX,KRONOX.BO
BSE,KROSS,KROSS.BO
BSE,KROWNIQ,KROWNIQ.BO
BSE,KRRAIL,KRRAIL.BO
BSE,KRSNAA,KRSNAA.BO
BSE,KRT,KRT.BO
BSE,KRUPALU,KRUPALU.BO
BSE,KRYPTONQ,KRYPTONQ.BO
BSE,KRYSTAL,KRYSTAL.BO
BSE,KSB,KSB.BO
BSE,KSCL,KSCL.BO
BSE,KSE,KSE.BO
BSE,KSHINTL,KSHINTL.BO
BSE,KSL,KSL.BO
BSE,KSOLVES,KSOLVES.BO
BSE,KSR,KSR.BO
BSE,KSSMART,KSSMART.BO
BSE,KTIL,KTIL.BO
BSE,KTKBANK,KTKBANK.BO
BSE,KUANTUM,KUANTUM.BO
BSE,KUBERJI,KUBERJI.BO
BSE,KUMPFIN,KUMPFIN.BO
BSE,KUNSTOFF,KUNSTOFF.BO
BSE,KUSHIND,KUSHIND.BO
BSE,KUSUMGAR,KUSUMGAR.BO
BSE,KUWERIN,KUWERIN.BO
BSE,KVFORGE,KVFORGE.BO
BSE,KVSCASTING,KVSCASTING.BO
BSE,KVTOYS,KVTOYS.BO
BSE,KWICK,KWICK.BO
BSE,KWIL,KWIL.BO
BSE,KZLFIN,KZLFIN.BO
BSE,LABELKRAFT,LABELKRAFT.BO
BSE,LACTOSE,LACTOSE.BO
BSE,LADDERUP,LADDERUP.BO
BSE,LADDU,LADDU.BO
BSE,LAFFANSQ,LAFFANSQ.BO
BSE,LAHL,LAHL.BO
BSE,LAHOTIOV,LAHOTIOV.BO
BSE,LAKESHORE,LAKESHORE.BO
BSE,LAKHOTIA,LAKHOTIA.BO
BSE,LAKPRE,LAKPRE.BO
BSE,LAKSELEC,LAKSELEC.BO
BSE,LAKSHMIEW,LAKSHMIEW.BO
BSE,LAKSHMIMIL,LAKSHMIMIL.BO
BSE,LAL,LAL.BO
BSE,LALITHAA,LALITHAA.BO
BSE,LALPATHLAB,LALPATHLAB.BO
BSE,LAMBODHARA,LAMBODHARA.BO
BSE,LANCER,LANCER.BO
BSE,LANCORHOL,LANCORHOL.BO
BSE,LANDMARC,LANDMARC.BO
BSE,LANDMARK,LANDMARK.BO
BSE,LANDSMILL,LANDSMILL.BO
BSE,LAOPALA,LAOPALA.BO
BSE,LAPL,LAPL.BO
BSE,LARGEMID50,LARGEMID50.BO
BSE,LASERPOWER,LASERPOWER.BO
BSE,LASTMILE,LASTMILE.BO
BSE,LATENTVIEW,LATENTVIEW.BO
BSE,LATIMMETAL,LATIMMETAL.BO
BSE,LAURUSLABS,LAURUSLABS.BO
BSE,LAXMIDENTL,LAXMIDENTL.BO
BSE,LAXMIINDIA,LAXMIINDIA.BO
BSE,LAXMIPATI,LAXMIPATI.BO
BSE,LCCINFOTEC,LCCINFOTEC.BO
BSE,LCCPROJECT,LCCPROJECT.BO
BSE,LCL,LCL.BO
BSE,LEADFIN,LEADFIN.BO
BSE,LEAPIND,LEAPIND.BO
BSE,LEENEE,LEENEE.BO
BSE,LEHAR,LEHAR.BO
BSE,LELAVOIR,LELAVOIR.BO
BSE,LEMONTREE,LEMONTREE.BO
BSE,LENSKART,LENSKART.BO
BSE,LERTHAI,LERTHAI.BO
BSE,LESHAIND,LESHAIND.BO
BSE,LESL,LESL.BO
BSE,LEX,LEX.BO
BSE,LEXGLOBAL,LEXGLOBAL.BO
BSE,LEXORAA,LEXORAA.BO
BSE,LGBBROSLTD,LGBBROSLTD.BO
BSE,LGBFORGE,LGBFORGE.BO
BSE,LGEINDIA,LGEINDIA.BO
BSE,LGLL,LGLL.BO
BSE,LGT,LGT.BO
BSE,LIBERTSHOE,LIBERTSHOE.BO
BSE,LIBORD,LIBORD.BO
BSE,LIBORDFIN,LIBORDFIN.BO
BSE,LICHSGFIN,LICHSGFIN.BO
BSE,LICI,LICI.BO
BSE,LICMFGOLD,LICMFGOLD.BO
BSE,LICNETFN50,LICNETFN50.BO
BSE,LICNETFSEN,LICNETFSEN.BO
BSE,LICNFNHGP,LICNFNHGP.BO
BSE,LICNMID100,LICNMID100.BO
BSE,LIKHAMI,LIKHAMI.BO
BSE,LIKHITHA,LIKHITHA.BO
BSE,LIMECHM,LIMECHM.BO
BSE,LINC,LINC.BO
BSE,LINCOLN,LINCOLN.BO
BSE,LINDEINDIA,LINDEINDIA.BO
BSE,LINKPH,LINKPH.BO
BSE,LIOTECH,LIOTECH.BO
BSE,LIPPISYS,LIPPISYS.BO
BSE,LIQUID1,LIQUID1.BO
BSE,LKMEHTA,LKMEHTA.BO
BSE,LKPSEC,LKPSEC.BO
BSE,LLFICL,LLFICL.BO
BSE,LLOYDSENGG,LLOYDSENGG.BO
BSE,LLOYDSENT,LLOYDSENT.BO
BSE,LLOYDSME,LLOYDSME.BO
BSE,LMW,LMW.BO
BSE,LODHA,LODHA.BO
BSE,LOGICA,LOGICA.BO
BSE,LOGICIEL,LOGICIEL.BO
BSE,LOKESHMACH,LOKESHMACH.BO
BSE,LONGSPUR,LONGSPUR.BO
BSE,LOOKS,LOOKS.BO
BSE,LORDSCHLO,LORDSCHLO.BO
BSE,LORDSHOTL,LORDSHOTL.BO
BSE,LORDSMARK,LORDSMARK.BO
BSE,LOTUSCHO,LOTUSCHO.BO
BSE,LOTUSDEV,LOTUSDEV.BO
BSE,LOTUSEYE,LOTUSEYE.BO
BSE,LOVABLE,LOVABLE.BO
BSE,LOWVOL,LOWVOL.BO
BSE,LOWVOLIETF,LOWVOLIETF.BO
BSE,LOYAL,LOYAL.BO
BSE,LOYALTEX,LOYALTEX.BO
BSE,LPDC,LPDC.BO
BSE,LT,LT.BO
BSE,LTELEVATOR,LTELEVATOR.BO
BSE,LTF,LTF.BO
BSE,LTFOODS,LTFOODS.BO
BSE,LTM,LTM.BO
BSE,LTTS,LTTS.BO
BSE,LUDLOWJUT,LUDLOWJUT.BO
BSE,LUMAXIND,LUMAXIND.BO
BSE,LUMAXTECH,LUMAXTECH.BO
BSE,LUMINO,LUMINO.BO
BSE,LUPIN,LUPIN.BO
BSE,LUXIND,LUXIND.BO
BSE,LUXURY,LUXURY.BO
BSE,LWSKNIT,LWSKNIT.BO
BSE,LXCHEM,LXCHEM.BO
BSE,LYKALABS,LYKALABS.BO
BSE,LYONSCO,LYONSCO.BO
BSE,M&M,M&M.BO
BSE,M&MFIN,M&MFIN.BO
BSE,MAANALU,MAANALU.BO
BSE,MACH,MACH.BO
BSE,MACHLTD,MACHLTD.BO
BSE,MACIND,MACIND.BO
BSE,MACPLASQ,MACPLASQ.BO
BSE,MADALA,MADALA.BO
BSE,MADHAV,MADHAV.BO
BSE,MADHAVIPL,MADHAVIPL.BO
BSE,MADHUCON,MADHUCON.BO
BSE,MADHUDIN,MADHUDIN.BO
BSE,MADHURIND,MADHURIND.BO
BSE,MADRASFERT,MADRASFERT.BO
BSE,MAFANG,MAFANG.BO
BSE,MAFATIND,MAFATIND.BO
BSE,MAFIA,MAFIA.BO
BSE,MAGADSUGAR,MAGADSUGAR.BO
BSE,MAGENTA,MAGENTA.BO
BSE,MAGNAELQ,MAGNAELQ.BO
BSE,MAGNUM,MAGNUM.BO
BSE,MAGNUS,MAGNUS.BO
BSE,MAHABANK,MAHABANK.BO
BSE,MAHACORP,MAHACORP.BO
BSE,MAHALIFE,MAHALIFE.BO
BSE,MAHALXSE,MAHALXSE.BO
BSE,MAHANIN,MAHANIN.BO
BSE,MAHAPEXLTD,MAHAPEXLTD.BO
BSE,MAHASTEEL,MAHASTEEL.BO
BSE,MAHAVEER,MAHAVEER.BO
BSE,MAHEPC,MAHEPC.BO
BSE,MAHESH,MAHESH.BO
BSE,MAHIP,MAHIP.BO
BSE,MAHKTECH,MAHKTECH.BO
BSE,MAHLIFE,MAHLIFE.BO
BSE,MAHLOG,MAHLOG.BO
BSE,MAHSCOOTER,MAHSCOOTER.BO
BSE,MAHSEAMLES,MAHSEAMLES.BO
BSE,MAIDEN,MAIDEN.BO
BSE,MAINFRA,MAINFRA.BO
BSE,MAITHANALL,MAITHANALL.BO
BSE,MAITRI,MAITRI.BO
BSE,MAJESAUT,MAJESAUT.BO
BSE,MAKEINDIA,MAKEINDIA.BO
BSE,MAKERSL,MAKERSL.BO
BSE,MAL,MAL.BO
BSE,MALA,MALA.BO
BSE,MALLCOM,MALLCOM.BO
BSE,MALPANI,MALPANI.BO
BSE,MALUPAPER,MALUPAPER.BO
BSE,MAMATA,MAMATA.BO
BSE,MANAKALUCO,MANAKALUCO.BO
BSE,MANAKCOAT,MANAKCOAT.BO
BSE,MANAKSIA,MANAKSIA.BO
BSE,MANAKSTEEL,MANAKSTEEL.BO
BSE,MANALIPETC,MANALIPETC.BO
BSE,MANAPPURAM,MANAPPURAM.BO
BSE,MANBA,MANBA.BO
BSE,MANCREDIT,MANCREDIT.BO
BSE,MANGALAM,MANGALAM.BO
BSE,MANGALCOMP,MANGALCOMP.BO
BSE,MANGIND,MANGIND.BO
BSE,MANGLAM,MANGLAM.BO
BSE,MANGLMCEM,MANGLMCEM.BO
BSE,MANIKA,MANIKA.BO
BSE,MANINDS,MANINDS.BO
BSE,MANINFRA,MANINFRA.BO
BSE,MANIPALHOS,MANIPALHOS.BO
BSE,MANIVENI,MANIVENI.BO
BSE,MANKIND,MANKIND.BO
BSE,MANOJJEWEL,MANOJJEWEL.BO
BSE,MANOMAY,MANOMAY.BO
BSE,MANORAMA,MANORAMA.BO
BSE,MANORG,MANORG.BO
BSE,MANRAJH,MANRAJH.BO
BSE,MANSIFIN,MANSIFIN.BO
BSE,MANTRA,MANTRA.BO
BSE,MANUFGBEES,MANUFGBEES.BO
BSE,MANUGRAPH,MANUGRAPH.BO
BSE,MANYAVAR,MANYAVAR.BO
BSE,MAPMYINDIA,MAPMYINDIA.BO
BSE,MAPROIN,MAPROIN.BO
BSE,MARALOVER,MARALOVER.BO
BSE,MARATHON,MARATHON.BO
BSE,MARBLE,MARBLE.BO
BSE,MARBU,MARBU.BO
BSE,MARCLOIRE,MARCLOIRE.BO
BSE,MARGOFIN,MARGOFIN.BO
BSE,MARICO,MARICO.BO
BSE,MARIS,MARIS.BO
BSE,MARKOLINES,MARKOLINES.BO
BSE,MARKSANS,MARKSANS.BO
BSE,MARSONS,MARSONS.BO
BSE,MARUTI,MARUTI.BO
BSE,MASFIN,MASFIN.BO
BSE,MASPTOP50,MASPTOP50.BO
BSE,MASTEK,MASTEK.BO
BSE,MASTERTR,MASTERTR.BO
BSE,MATRIMONY,MATRIMONY.BO
BSE,MAWANASUG,MAWANASUG.BO
BSE,MAXESTATES,MAXESTATES.BO
BSE,MAXGROW,MAXGROW.BO
BSE,MAXHEALTH,MAXHEALTH.BO
BSE,MAXHEIGHTS,MAXHEIGHTS.BO
BSE,MAXIMUS,MAXIMUS.BO
BSE,MAXIND,MAXIND.BO
BSE,MAYUR,MAYUR.BO
BSE,MAYURFL,MAYURFL.BO
BSE,MAYURUNIQ,MAYURUNIQ.BO
BSE,MAZDA,MAZDA.BO
BSE,MAZDOCK,MAZDOCK.BO
BSE,MBECL,MBECL.BO
BSE,MBEL,MBEL.BO
BSE,MBLINFRA,MBLINFRA.BO
BSE,MCCHRLS-B,MCCHRLS-B.BO
BSE,MCFL,MCFL.BO
BSE,MCLEODRUSS,MCLEODRUSS.BO
BSE,MCLOUD,MCLOUD.BO
BSE,MCLTD,MCLTD.BO
BSE,MCPL,MCPL.BO
BSE,MCX,MCX.BO
BSE,MDRC,MDRC.BO
BSE,MDRNSTL,MDRNSTL.BO
BSE,MEAPL,MEAPL.BO
BSE,MEDANTA,MEDANTA.BO
BSE,MEDIAONE,MEDIAONE.BO
BSE,MEDIASSIST,MEDIASSIST.BO
BSE,MEDICAMEQ,MEDICAMEQ.BO
BSE,MEDICAPQ,MEDICAPQ.BO
BSE,MEDICO,MEDICO.BO
BSE,MEDPLUS,MEDPLUS.BO
BSE,MEEIND,MEEIND.BO
BSE,MEERA,MEERA.BO
BSE,MEESHO,MEESHO.BO
BSE,MEFCOMCAP,MEFCOMCAP.BO
BSE,MEGACOR,MEGACOR.BO
BSE,MEGAMONT,MEGAMONT.BO
BSE,MEGASTAR,MEGASTAR.BO
BSE,MEGRISOFT,MEGRISOFT.BO
BSE,MEHAI,MEHAI.BO
BSE,MEHIF,MEHIF.BO
BSE,MEHSECU,MEHSECU.BO
BSE,MEHUL,MEHUL.BO
BSE,MEIL,MEIL.BO
BSE,MENAMANI,MENAMANI.BO
BSE,MENNPIS,MENNPIS.BO
BSE,MENONBE,MENONBE.BO
BSE,MEP,MEP.BO
BSE,MERCANTILE,MERCANTILE.BO
BSE,MERCTRD,MERCTRD.BO
BSE,MERCURYEV,MERCURYEV.BO
BSE,MERCURYLAB,MERCURYLAB.BO
BSE,META,META.BO
BSE,METAINFO,METAINFO.BO
BSE,METAL,METAL.BO
BSE,METALCO,METALCO.BO
BSE,METALIETF,METALIETF.BO
BSE,METHODHUB,METHODHUB.BO
BSE,METROBRAND,METROBRAND.BO
BSE,METROGLOBL,METROGLOBL.BO
BSE,METROPOLIS,METROPOLIS.BO
BSE,METSL,METSL.BO
BSE,MFLINDIA,MFLINDIA.BO
BSE,MFML,MFML.BO
BSE,MFSINTRCRP,MFSINTRCRP.BO
BSE,MFSL,MFSL.BO
BSE,MGEL,MGEL.BO
BSE,MGIL,MGIL.BO
BSE,MGL,MGL.BO
BSE,MHEL,MHEL.BO
BSE,MHLXMIRU,MHLXMIRU.BO
BSE,MHRIL,MHRIL.BO
BSE,MHSGRMS,MHSGRMS.BO
BSE,MICEL,MICEL.BO
BSE,MID150BEES,MID150BEES.BO
BSE,MID150CASE,MID150CASE.BO
BSE,MIDBANKADD,MIDBANKADD.BO
BSE,MIDCAPADD,MIDCAPADD.BO
BSE,MIDCAPBETA,MIDCAPBETA.BO
BSE,MIDCAPETF,MIDCAPETF.BO
BSE,MIDCAPIETF,MIDCAPIETF.BO
BSE,MIDEASTP,MIDEASTP.BO
BSE,MIDHANI,MIDHANI.BO
BSE,MIDINDIA,MIDINDIA.BO
BSE,MIDQ50ADD,MIDQ50ADD.BO
BSE,MIDSELIETF,MIDSELIETF.BO
BSE,MIDSMALL,MIDSMALL.BO
BSE,MIDWESTLTD,MIDWESTLTD.BO
BSE,MIHIKA,MIHIKA.BO
BSE,MIIL,MIIL.BO
BSE,MIL,MIL.BO
BSE,MILEFUR,MILEFUR.BO
BSE,MILESTONE,MILESTONE.BO
BSE,MILKYMIST,MILKYMIST.BO
BSE,MILLENNIUM,MILLENNIUM.BO
BSE,MILLWORKS,MILLWORKS.BO
BSE,MINALIND,MINALIND.BO
BSE,MINAXI,MINAXI.BO
BSE,MINDACORP,MINDACORP.BO
BSE,MINDSPACE,MINDSPACE.BO
BSE,MINDTECK,MINDTECK.BO
BSE,MINID,MINID.BO
BSE,MIRZAINT,MIRZAINT.BO
BSE,MISHDESIGN,MISHDESIGN.BO
BSE,MISHKA,MISHKA.BO
BSE,MISHTANN,MISHTANN.BO
BSE,MISQUITA,MISQUITA.BO
BSE,MIT,MIT.BO
BSE,MITSHI,MITSHI.BO
BSE,MITSU,MITSU.BO
BSE,MITTALSTL,MITTALSTL.BO
BSE,MIVENMACH,MIVENMACH.BO
BSE,MIZVEN,MIZVEN.BO
BSE,MKEXIM,MKEXIM.BO
BSE,MKPL,MKPL.BO
BSE,MKPMOB,MKPMOB.BO
BSE,MKTCREAT,MKTCREAT.BO
BSE,MKVENTURES,MKVENTURES.BO
BSE,MLINDLTD,MLINDLTD.BO
BSE,MLKFOOD,MLKFOOD.BO
BSE,MMFL,MMFL.BO
BSE,MMLF,MMLF.BO
BSE,MMRUBBR-B,MMRUBBR-B.BO
BSE,MMTC,MMTC.BO
BSE,MMWL,MMWL.BO
BSE,MNFL,MNFL.BO
BSE,MNIL,MNIL.BO
BSE,MNPLFIN,MNPLFIN.BO
BSE,MOBAVENUE,MOBAVENUE.BO
BSE,MOBIKWIK,MOBIKWIK.BO
BSE,MOCAPITAL,MOCAPITAL.BO
BSE,MODAIRY,MODAIRY.BO
BSE,MODEFENCE,MODEFENCE.BO
BSE,MODINATUR,MODINATUR.BO
BSE,MODINSU,MODINSU.BO
BSE,MODIPON,MODIPON.BO
BSE,MODIRUBBER,MODIRUBBER.BO
BSE,MODIS,MODIS.BO
BSE,MODISONLTD,MODISONLTD.BO
BSE,MODMA,MODMA.BO
BSE,MODRNSH,MODRNSH.BO
BSE,MODTHREAD,MODTHREAD.BO
BSE,MODULEX,MODULEX.BO
BSE,MODWOOL,MODWOOL.BO
BSE,MOGOLD,MOGOLD.BO
BSE,MOHEALTH,MOHEALTH.BO
BSE,MOHITE,MOHITE.BO
BSE,MOHITIND,MOHITIND.BO
BSE,MOHITPPR,MOHITPPR.BO
BSE,MOIL,MOIL.BO
BSE,MOL,MOL.BO
BSE,MOLBIO,MOLBIO.BO
BSE,MOLDTECH,MOLDTECH.BO
BSE,MOLDTKPAC,MOLDTKPAC.BO
BSE,MOLOWVOL,MOLOWVOL.BO
BSE,MOM100,MOM100.BO
BSE,MOM30IETF,MOM30IETF.BO
BSE,MOM50,MOM50.BO
BSE,MOMENTUM,MOMENTUM.BO
BSE,MOMENTUM50,MOMENTUM50.BO
BSE,MOMMIDCAP,MOMMIDCAP.BO
BSE,MOMOMENTUM,MOMOMENTUM.BO
BSE,MOMSBELIEF,MOMSBELIEF.BO
BSE,MON100,MON100.BO
BSE,MONARCH,MONARCH.BO
BSE,MONEYBOXX,MONEYBOXX.BO
BSE,MONGIPA,MONGIPA.BO
BSE,MONIFTY500,MONIFTY500.BO
BSE,MONIKA,MONIKA.BO
BSE,MONIND,MONIND.BO
BSE,MONOT,MONOT.BO
BSE,MONQ50,MONQ50.BO
BSE,MONTECARLO,MONTECARLO.BO
BSE,MOPSHOP,MOPSHOP.BO
BSE,MOQUALITY,MOQUALITY.BO
BSE,MORARKFI,MORARKFI.BO
BSE,MOREALTY,MOREALTY.BO
BSE,MOREPENLAB,MOREPENLAB.BO
BSE,MORGAN,MORGAN.BO
BSE,MOSCHIP,MOSCHIP.BO
BSE,MOSILVER,MOSILVER.BO
BSE,MOSMALL250,MOSMALL250.BO
BSE,MOTHERSON,MOTHERSON.BO
BSE,MOTILALOFS,MOTILALOFS.BO
BSE,MOTISONS,MOTISONS.BO
BSE,MOTOGENFIN,MOTOGENFIN.BO
BSE,MOVALUE,MOVALUE.BO
BSE,MPAGI,MPAGI.BO
BSE,MPCOSEMB,MPCOSEMB.BO
BSE,MPDL,MPDL.BO
BSE,MPFSL,MPFSL.BO
BSE,MPHASIS,MPHASIS.BO
BSE,MPILCORPL,MPILCORPL.BO
BSE,MPIMANIPAL,MPIMANIPAL.BO
BSE,MPKSTEELS,MPKSTEELS.BO
BSE,MPL,MPL.BO
BSE,MPSLTD,MPSLTD.BO
BSE,MRCAGRO,MRCAGRO.BO
BSE,MRF,MRF.BO
BSE,MRP,MRP.BO
BSE,MRPL,MRPL.BO
BSE,MRTX,MRTX.BO
BSE,MRUTR,MRUTR.BO
BSE,MSAFE,MSAFE.BO
BSE,MSCI360,MSCI360.BO
BSE,MSCIADD,MSCIADD.BO
BSE,MSCTC,MSCTC.BO
BSE,MSECL,MSECL.BO
BSE,MSL,MSL.BO
BSE,MSLGLOBAL,MSLGLOBAL.BO
BSE,MSPL,MSPL.BO
BSE,MSTCLTD,MSTCLTD.BO
BSE,MSUMI,MSUMI.BO
BSE,MTARTECH,MTARTECH.BO
BSE,MTEDUCARE,MTEDUCARE.BO
BSE,MTL,MTL.BO
BSE,MTNL,MTNL.BO
BSE,MTPL,MTPL.BO
BSE,MUDRA,MUDRA.BO
BSE,MUDUNURU,MUDUNURU.BO
BSE,MUFIN,MUFIN.BO
BSE,MUFTI,MUFTI.BO
BSE,MUKANDLTD,MUKANDLTD.BO
BSE,MUKATPIP,MUKATPIP.BO
BSE,MUKESHB,MUKESHB.BO
BSE,MUKKA,MUKKA.BO
BSE,MUKTA,MUKTA.BO
BSE,MUKTAARTS,MUKTAARTS.BO
BSE,MUL,MUL.BO
BSE,MULLER,MULLER.BO
BSE,MULTIBASE,MULTIBASE.BO
BSE,MULTICAP,MULTICAP.BO
BSE,MUNCAPM,MUNCAPM.BO
BSE,MUNJALAU,MUNJALAU.BO
BSE,MUNJALSHOW,MUNJALSHOW.BO
BSE,MUNOTHFI,MUNOTHFI.BO
BSE,MURUDCERA,MURUDCERA.BO
BSE,MUTHOOTCAP,MUTHOOTCAP.BO
BSE,MUTHOOTFIN,MUTHOOTFIN.BO
BSE,MUTHOOTMF,MUTHOOTMF.BO
BSE,MVELECTRO,MVELECTRO.BO
BSE,MVGJL,MVGJL.BO
BSE,MWL,MWL.BO
BSE,MYMONEY,MYMONEY.BO
BSE,MYSORPETRO,MYSORPETRO.BO
BSE,MYSTICELE,MYSTICELE.BO
BSE,NACDAC,NACDAC.BO
BSE,NACLIND,NACLIND.BO
BSE,NAGPI,NAGPI.BO
BSE,NAGREEKCAP,NAGREEKCAP.BO
BSE,NAGREEKEXP,NAGREEKEXP.BO
BSE,NAGTECH,NAGTECH.BO
BSE,NAHARCAP,NAHARCAP.BO
BSE,NAHARINDUS,NAHARINDUS.BO
BSE,NAHARPOLY,NAHARPOLY.BO
BSE,NAHARSPING,NAHARSPING.BO
BSE,NAKSH,NAKSH.BO
BSE,NAM,NAM.BO
BSE,NAM-INDIA,NAM-INDIA.BO
BSE,NANTA,NANTA.BO
BSE,NAPEROL,NAPEROL.BO
BSE,NAPL,NAPL.BO
BSE,NAPSGLOBAL,NAPSGLOBAL.BO
BSE,NARMADA,NARMADA.BO
BSE,NARMADESH,NARMADESH.BO
BSE,NARMP,NARMP.BO
BSE,NARPROP,NARPROP.BO
BSE,NATCAPSUQ,NATCAPSUQ.BO
BSE,NATCOPHARM,NATCOPHARM.BO
BSE,NATFIT,NATFIT.BO
BSE,NATGENI,NATGENI.BO
BSE,NATHBIOGEN,NATHBIOGEN.BO
BSE,NATHIND,NATHIND.BO
BSE,NATHUEC,NATHUEC.BO
BSE,NATIONALUM,NATIONALUM.BO
BSE,NATIONSTD,NATIONSTD.BO
BSE,NATPLAS,NATPLAS.BO
BSE,NATPLASTI,NATPLASTI.BO
BSE,NATPLY,NATPLY.BO
BSE,NATRAJPR,NATRAJPR.BO
BSE,NATURAL,NATURAL.BO
BSE,NAUKRI,NAUKRI.BO
BSE,NAVA,NAVA.BO
BSE,NAVIGANT,NAVIGANT.BO
BSE,NAVINFLUOR,NAVINFLUOR.BO
BSE,NAVKARCORP,NAVKARCORP.BO
BSE,NAVKARURB,NAVKARURB.BO
BSE,NAVNETEDUL,NAVNETEDUL.BO
BSE,NAZARA,NAZARA.BO
BSE,NBCC,NBCC.BO
BSE,NBFOOT,NBFOOT.BO
BSE,NBL,NBL.BO
BSE,NCC,NCC.BO
BSE,NCCBLUE,NCCBLUE.BO
BSE,NCLIND,NCLIND.BO
BSE,NCLRESE,NCLRESE.BO
BSE,NCML,NCML.BO
BSE,NDASEC,NDASEC.BO
BSE,NDL,NDL.BO
BSE,NDLVENTURE,NDLVENTURE.BO
BSE,NDRAUTO,NDRAUTO.BO
BSE,NDTV,NDTV.BO
BSE,NEAGI,NEAGI.BO
BSE,NECCLTD,NECCLTD.BO
BSE,NECLIFE,NECLIFE.BO
BSE,NEELKAN,NEELKAN.BO
BSE,NEELKANTH,NEELKANTH.BO
BSE,NEERAJ,NEERAJ.BO
BSE,NEETUYOSHI,NEETUYOSHI.BO
BSE,NEIL,NEIL.BO
BSE,NELCAST,NELCAST.BO
BSE,NELCO,NELCO.BO
BSE,NEOGEN,NEOGEN.BO
BSE,NEOINFRA,NEOINFRA.BO
BSE,NEPHROPLUS,NEPHROPLUS.BO
BSE,NEPLOG,NEPLOG.BO
BSE,NESCO,NESCO.BO
BSE,NESTLEIND,NESTLEIND.BO
BSE,NETF,NETF.BO
BSE,NETLINK,NETLINK.BO
BSE,NETPIX,NETPIX.BO
BSE,NETTLINX,NETTLINX.BO
BSE,NETWEB,NETWEB.BO
BSE,NETWORK18,NETWORK18.BO
BSE,NEUEON,NEUEON.BO
BSE,NEULANDLAB,NEULANDLAB.BO
BSE,NEWGEN,NEWGEN.BO
BSE,NEWINFRA,NEWINFRA.BO
BSE,NEWLIGHT,NEWLIGHT.BO
BSE,NEWMKTAVE,NEWMKTAVE.BO
BSE,NEWTRAC,NEWTRAC.BO
BSE,NEXOME,NEXOME.BO
BSE,NEXT30ADD,NEXT30ADD.BO
BSE,NEXT50,NEXT50.BO
BSE,NEXT50ADD,NEXT50ADD.BO
BSE,NEXT50BETA,NEXT50BETA.BO
BSE,NEXT50IETF,NEXT50IETF.BO
BSE,NEXTMEDIA,NEXTMEDIA.BO
BSE,NEXUSSURGL,NEXUSSURGL.BO
BSE,NEXXUS,NEXXUS.BO
BSE,NFL,NFL.BO
BSE,NGIL,NGIL.BO
BSE,NGIND,NGIND.BO
BSE,NGLFINE,NGLFINE.BO
BSE,NH,NH.BO
BSE,NHCFOODS,NHCFOODS.BO
BSE,NHL,NHL.BO
BSE,NHPC,NHPC.BO
BSE,NIACL,NIACL.BO
BSE,NIBE,NIBE.BO
BSE,NIBL,NIBL.BO
BSE,NICCOPAR,NICCOPAR.BO
BSE,NIDHGRN,NIDHGRN.BO
BSE,NIF100BEES,NIF100BEES.BO
BSE,NIF100IETF,NIF100IETF.BO
BSE,NIF500BETA,NIF500BETA.BO
BSE,NIFTY1,NIFTY1.BO
BSE,NIFTYADD,NIFTYADD.BO
BSE,NIFTYBEES,NIFTYBEES.BO
BSE,NIFTYBETA,NIFTYBETA.BO
BSE,NIFTYBETF,NIFTYBETF.BO
BSE,NIFTYCASE,NIFTYCASE.BO
BSE,NIFTYETF,NIFTYETF.BO
BSE,NIFTYIETF,NIFTYIETF.BO
BSE,NIFTYJBLK,NIFTYJBLK.BO
BSE,NIFTYQLITY,NIFTYQLITY.BO
BSE,NIHARINF,NIHARINF.BO
BSE,NIITLTD,NIITLTD.BO
BSE,NIITMTS,NIITMTS.BO
BSE,NIKHILAD,NIKHILAD.BO
BSE,NIKKIGL,NIKKIGL.BO
BSE,NIKSTECH,NIKSTECH.BO
BSE,NILACHAL,NILACHAL.BO
BSE,NILAINFRA,NILAINFRA.BO
BSE,NILASPACES,NILASPACES.BO
BSE,NILE,NILE.BO
BSE,NILKAMAL,NILKAMAL.BO
BSE,NIMBSPROJ,NIMBSPROJ.BO
BSE,NINSYS,NINSYS.BO
BSE,NIPPOBATRY,NIPPOBATRY.BO
BSE,NIRAJ,NIRAJ.BO
BSE,NIRAVCOM,NIRAVCOM.BO
BSE,NIRLON,NIRLON.BO
BSE,NIRMITEE,NIRMITEE.BO
BSE,NISMGMT,NISMGMT.BO
BSE,NISUS,NISUS.BO
BSE,NITCO,NITCO.BO
BSE,NITINCAST,NITINCAST.BO
BSE,NITINSPIN,NITINSPIN.BO
BSE,NITTAGELA,NITTAGELA.BO
BSE,NIVABUPA,NIVABUPA.BO
BSE,NIVAKA,NIVAKA.BO
BSE,NIYOGIN,NIYOGIN.BO
BSE,NKIND,NKIND.BO
BSE,NLCINDIA,NLCINDIA.BO
BSE,NLFL,NLFL.BO
BSE,NMDC,NMDC.BO
BSE,NMSGLOBAL,NMSGLOBAL.BO
BSE,NOBPOL,NOBPOL.BO
BSE,NOCIL,NOCIL.BO
BSE,NOIDATOLL,NOIDATOLL.BO
BSE,NOL,NOL.BO
BSE,NORBTEAEXP,NORBTEAEXP.BO
BSE,NORRIS,NORRIS.BO
BSE,NORTHARC,NORTHARC.BO
BSE,NORTHLINK,NORTHLINK.BO
BSE,NOUVEAU,NOUVEAU.BO
BSE,NOVAAGRI,NOVAAGRI.BO
BSE,NOVARTIND,NOVARTIND.BO
BSE,NOVATEOR,NOVATEOR.BO
BSE,NOVELIX,NOVELIX.BO
BSE,NOVIS,NOVIS.BO
BSE,NOVUS,NOVUS.BO
BSE,NOVYRA,NOVYRA.BO
BSE,NPFL,NPFL.BO
BSE,NPL,NPL.BO
BSE,NPRFIN,NPRFIN.BO
BSE,NPST,NPST.BO
BSE,NRAIL,NRAIL.BO
BSE,NRBBEARING,NRBBEARING.BO
BSE,NSBBPO,NSBBPO.BO
BSE,NSDL,NSDL.BO
BSE,NSE,NSE.BO
BSE,NSIL,NSIL.BO
BSE,NSL,NSL.BO
BSE,NSLNISP,NSLNISP.BO
BSE,NTCIND,NTCIND.BO
BSE,NTPC,NTPC.BO
BSE,NTPCGREEN,NTPCGREEN.BO
BSE,NUCLEUS,NUCLEUS.BO
BSE,NUKLEUS,NUKLEUS.BO
BSE,NURECA,NURECA.BO
BSE,NUTECGLOB,NUTECGLOB.BO
BSE,NUTRICIRCLE,NUTRICIRCLE.BO
BSE,NUVAMA,NUVAMA.BO
BSE,NUVOCO,NUVOCO.BO
BSE,NV20IETF,NV20IETF.BO
BSE,NVENTURES,NVENTURES.BO
BSE,NWIL,NWIL.BO
BSE,NXST,NXST.BO
BSE,NYKAA,NYKAA.BO
BSE,NYSSACORP,NYSSACORP.BO
BSE,OAL,OAL.BO
BSE,OASISEC,OASISEC.BO
BSE,OBCL,OBCL.BO
BSE,OBEROIRLTY,OBEROIRLTY.BO
BSE,OCCLLTD,OCCLLTD.BO
BSE,OCEANIC,OCEANIC.BO
BSE,OCTAL,OCTAL.BO
BSE,OCTAVE,OCTAVE.BO
BSE,OCTAVIUSPL,OCTAVIUSPL.BO
BSE,OCTAWARE,OCTAWARE.BO
BSE,ODIGMA,ODIGMA.BO
BSE,ODYCORP,ODYCORP.BO
BSE,ODYSSEY,ODYSSEY.BO
BSE,OFSS,OFSS.BO
BSE,OIL,OIL.BO
BSE,OILCOUNTUB,OILCOUNTUB.BO
BSE,OILIETF,OILIETF.BO
BSE,OIVL,OIVL.BO
BSE,OKPLA,OKPLA.BO
BSE,OLAELEC,OLAELEC.BO
BSE,OLATECH,OLATECH.BO
BSE,OLECTRA,OLECTRA.BO
BSE,OLPCL,OLPCL.BO
BSE,OLYMPTX,OLYMPTX.BO
BSE,OLYOI,OLYOI.BO
BSE,OMAXAUTO,OMAXAUTO.BO
BSE,OMAXE,OMAXE.BO
BSE,OMEAG,OMEAG.BO
BSE,OMEGAIN,OMEGAIN.BO
BSE,OMFREIGHT,OMFREIGHT.BO
BSE,OMG,OMG.BO
BSE,OMINFRAL,OMINFRAL.BO
BSE,OMKARPH,OMKARPH.BO
BSE,OML,OML.BO
BSE,OMNI,OMNI.BO
BSE,OMNIAX,OMNIAX.BO
BSE,OMNIPOTENT,OMNIPOTENT.BO
BSE,OMNITEX,OMNITEX.BO
BSE,OMPOWER,OMPOWER.BO
BSE,ONEGLOBAL,ONEGLOBAL.BO
BSE,ONEINDIG,ONEINDIG.BO
BSE,ONELIFECAP,ONELIFECAP.BO
BSE,ONEPOINT,ONEPOINT.BO
BSE,ONESOURCE,ONESOURCE.BO
BSE,ONGC,ONGC.BO
BSE,ONIDA,ONIDA.BO
BSE,ONIXSOLAR,ONIXSOLAR.BO
BSE,ONMOBILE,ONMOBILE.BO
BSE,ONTIC,ONTIC.BO
BSE,ONWARDTEC,ONWARDTEC.BO
BSE,OONE,OONE.BO
BSE,OPCHAINS,OPCHAINS.BO
BSE,OPTIEMUS,OPTIEMUS.BO
BSE,OPTIFIN,OPTIFIN.BO
BSE,ORBTEXP,ORBTEXP.BO
BSE,ORCHASP,ORCHASP.BO
BSE,ORCHPHARMA,ORCHPHARMA.BO
BSE,ORGANICREC,ORGANICREC.BO
BSE,ORGCOAT,ORGCOAT.BO
BSE,ORIBEVER,ORIBEVER.BO
BSE,ORICONENT,ORICONENT.BO
BSE,ORIENTALTL,ORIENTALTL.BO
BSE,ORIENTBELL,ORIENTBELL.BO
BSE,ORIENTCEM,ORIENTCEM.BO
BSE,ORIENTCER,ORIENTCER.BO
BSE,ORIENTELEC,ORIENTELEC.BO
BSE,ORIENTHOT,ORIENTHOT.BO
BSE,ORIENTLTD,ORIENTLTD.BO
BSE,ORIENTPPR,ORIENTPPR.BO
BSE,ORIENTTECH,ORIENTTECH.BO
BSE,ORIENTTR,ORIENTTR.BO
BSE,ORIRAIL,ORIRAIL.BO
BSE,ORISSAMINE,ORISSAMINE.BO
BSE,ORKLAINDIA,ORKLAINDIA.BO
BSE,OROSMITHS,OROSMITHS.BO
BSE,ORTINGLOBE,ORTINGLOBE.BO
BSE,OSIAJEE,OSIAJEE.BO
BSE,OSWALAGRO,OSWALAGRO.BO
BSE,OSWALGREEN,OSWALGREEN.BO
BSE,OSWALPUMPS,OSWALPUMPS.BO
BSE,OVAL,OVAL.BO
BSE,OVOBELE,OVOBELE.BO
BSE,OXFORDIN,OXFORDIN.BO
BSE,OXYGENTAPH,OXYGENTAPH.BO
BSE,PACE,PACE.BO
BSE,PACEDIGITK,PACEDIGITK.BO
BSE,PACIFICI,PACIFICI.BO
BSE,PADALPO,PADALPO.BO
BSE,PADAMCO,PADAMCO.BO
BSE,PADMAIND,PADMAIND.BO
BSE,PADMALAYAT,PADMALAYAT.BO
BSE,PAGEIND,PAGEIND.BO
BSE,PAISALO,PAISALO.BO
BSE,PAJSON,PAJSON.BO
BSE,PAKKA,PAKKA.BO
BSE,PALASHSECU,PALASHSECU.BO
BSE,PALCO,PALCO.BO
BSE,PALMJEWELS,PALMJEWELS.BO
BSE,PALREDTEC,PALREDTEC.BO
BSE,PALUCK,PALUCK.BO
BSE,PANABYTE,PANABYTE.BO
BSE,PANACEABIO,PANACEABIO.BO
BSE,PANAENERG,PANAENERG.BO
BSE,PANAFIC,PANAFIC.BO
BSE,PANAMAPET,PANAMAPET.BO
BSE,PANCARBON,PANCARBON.BO
BSE,PANCHATV,PANCHATV.BO
BSE,PANCHMAHQ,PANCHMAHQ.BO
BSE,PANCHSHEEL,PANCHSHEEL.BO
BSE,PANCM,PANCM.BO
BSE,PANELEC,PANELEC.BO
BSE,PANHR,PANHR.BO
BSE,PANIDPR,PANIDPR.BO
BSE,PANINDIAC,PANINDIAC.BO
BSE,PANJON,PANJON.BO
BSE,PANKAJPO,PANKAJPO.BO
BSE,PANORAMA,PANORAMA.BO
BSE,PANTH,PANTH.BO
BSE,PAOS,PAOS.BO
BSE,PARACABLES,PARACABLES.BO
BSE,PARADEEP,PARADEEP.BO
BSE,PARAGMILK,PARAGMILK.BO
BSE,PARAGONF,PARAGONF.BO
BSE,PARAS,PARAS.BO
BSE,PARASPETRO,PARASPETRO.BO
BSE,PARKERAC,PARKERAC.BO
BSE,PARKHOSPS,PARKHOSPS.BO
BSE,PARKHOTELS,PARKHOTELS.BO
BSE,PARLEIND,PARLEIND.BO
BSE,PARMCOS-B,PARMCOS-B.BO
BSE,PARMESHWAR,PARMESHWAR.BO
BSE,PARMSILK,PARMSILK.BO
BSE,PARNAXLAB,PARNAXLAB.BO
BSE,PARSHVA,PARSHVA.BO
BSE,PARSHWANA,PARSHWANA.BO
BSE,PARSVNATH,PARSVNATH.BO
BSE,PARVATI,PARVATI.BO
BSE,PASARI,PASARI.BO
BSE,PASHUPATI,PASHUPATI.BO
BSE,PASUFIN,PASUFIN.BO
BSE,PASUPTAC,PASUPTAC.BO
BSE,PASUSPG,PASUSPG.BO
BSE,PATANJALI,PATANJALI.BO
BSE,PATELCHEM,PATELCHEM.BO
BSE,PATELENG,PATELENG.BO
BSE,PATELRMART,PATELRMART.BO
BSE,PATELSAI,PATELSAI.BO
BSE,PATIDAR,PATIDAR.BO
BSE,PATINTLOG,PATINTLOG.BO
BSE,PATRON,PATRON.BO
BSE,PATSPINLTD,PATSPINLTD.BO
BSE,PAUSHAKLTD,PAUSHAKLTD.BO
BSE,PAVNAIND,PAVNAIND.BO
BSE,PAYTM,PAYTM.BO
BSE,PBAINFRA,PBAINFRA.BO
BSE,PBMPOLY,PBMPOLY.BO
BSE,PCBL,PCBL.BO
BSE,PCCOSMA,PCCOSMA.BO
BSE,PCJEWELLER,PCJEWELLER.BO
BSE,PCL,PCL.BO
BSE,PCS,PCS.BO
BSE,PDMJEPAPER,PDMJEPAPER.BO
BSE,PDSL,PDSL.BO
BSE,PEARLPOLY,PEARLPOLY.BO
BSE,PECOS,PECOS.BO
BSE,PEETISEC,PEETISEC.BO
BSE,PEIL,PEIL.BO
BSE,PENIND,PENIND.BO
BSE,PENINLAND,PENINLAND.BO
BSE,PERFEPA,PERFEPA.BO
BSE,PERMAGN,PERMAGN.BO
BSE,PERNIASPOP,PERNIASPOP.BO
BSE,PERSISTENT,PERSISTENT.BO
BSE,PERVASIVE,PERVASIVE.BO
BSE,PESB,PESB.BO
BSE,PETPLST,PETPLST.BO
BSE,PETRONET,PETRONET.BO
BSE,PFC,PFC.BO
BSE,PFIZER,PFIZER.BO
BSE,PFL,PFL.BO
BSE,PFLINFOTC,PFLINFOTC.BO
BSE,PFOCUS,PFOCUS.BO
BSE,PFS,PFS.BO
BSE,PGCRL,PGCRL.BO
BSE,PGEL,PGEL.BO
BSE,PGFOILQ,PGFOILQ.BO
BSE,PGHH,PGHH.BO
BSE,PGHL,PGHL.BO
BSE,PGIL,PGIL.BO
BSE,PGINVIT,PGINVIT.BO
BSE,PHARMABEES,PHARMABEES.BO
BSE,PHARMAID,PHARMAID.BO
BSE,PHCAP,PHCAP.BO
BSE,PHOENIXLTD,PHOENIXLTD.BO
BSE,PHOENXINTL,PHOENXINTL.BO
BSE,PHOSPHATE,PHOSPHATE.BO
BSE,PHOTOQUP,PHOTOQUP.BO
BSE,PHRMASI,PHRMASI.BO
BSE,PHYCHEM,PHYCHEM.BO
BSE,PHYTO,PHYTO.BO
BSE,PICCADIL,PICCADIL.BO
BSE,PICCASUG,PICCASUG.BO
BSE,PICTUREHS,PICTUREHS.BO
BSE,PIDILITIND,PIDILITIND.BO
BSE,PIGL,PIGL.BO
BSE,PIIND,PIIND.BO
BSE,PILANIINVS,PILANIINVS.BO
BSE,PILITA,PILITA.BO
BSE,PINELABS,PINELABS.BO
BSE,PIONAGR,PIONAGR.BO
BSE,PIONEEREMB,PIONEEREMB.BO
BSE,PIONRINV,PIONRINV.BO
BSE,PIOTEX,PIOTEX.BO
BSE,PIRAMALFIN,PIRAMALFIN.BO
BSE,PITTIENG,PITTIENG.BO
BSE,PIXTRANS,PIXTRANS.BO
BSE,PJL,PJL.BO
BSE,PLASTIBLEN,PLASTIBLEN.BO
BSE,PLATIND,PLATIND.BO
BSE,PLAZACABLE,PLAZACABLE.BO
BSE,PMCFIN,PMCFIN.BO
BSE,PML,PML.BO
BSE,PNB,PNB.BO
BSE,PNBGILTS,PNBGILTS.BO
BSE,PNBHOUSING,PNBHOUSING.BO
BSE,PNC,PNC.BO
BSE,PNCINFRA,PNCINFRA.BO
BSE,PNGJL,PNGJL.BO
BSE,PNGSREVA,PNGSREVA.BO
BSE,PNTKYOR,PNTKYOR.BO
BSE,POBS,POBS.BO
BSE,POCL,POCL.BO
BSE,PODDARMENT,PODDARMENT.BO
BSE,POEL,POEL.BO
BSE,POKARNA,POKARNA.BO
BSE,POLICYBZR,POLICYBZR.BO
BSE,POLSON,POLSON.BO
BSE,POLYCAB,POLYCAB.BO
BSE,POLYCHEM,POLYCHEM.BO
BSE,POLYCHMP,POLYCHMP.BO
BSE,POLYCON,POLYCON.BO
BSE,POLYLINK,POLYLINK.BO
BSE,POLYMAC,POLYMAC.BO
BSE,POLYMED,POLYMED.BO
BSE,POLYPLEX,POLYPLEX.BO
BSE,POLYSPIN,POLYSPIN.BO
BSE,PONNIERODE,PONNIERODE.BO
BSE,POOJA,POOJA.BO
BSE,POOJAENT,POOJAENT.BO
BSE,POONADAL,POONADAL.BO
BSE,POONAWALLA,POONAWALLA.BO
BSE,POPEES,POPEES.BO
BSE,POPULARES,POPULARES.BO
BSE,PORWAL,PORWAL.BO
BSE,POWERGRID,POWERGRID.BO
BSE,POWERICA,POWERICA.BO
BSE,POWERINDIA,POWERINDIA.BO
BSE,POWERMECH,POWERMECH.BO
BSE,PPAP,PPAP.BO
BSE,PPARIVAH,PPARIVAH.BO
BSE,PPEL,PPEL.BO
BSE,PPL,PPL.BO
BSE,PPLPHARMA,PPLPHARMA.BO
BSE,PQIF,PQIF.BO
BSE,PRABHA,PRABHA.BO
BSE,PRABHHANS,PRABHHANS.BO
BSE,PRADPME,PRADPME.BO
BSE,PRAENG,PRAENG.BO
BSE,PRAGBOS,PRAGBOS.BO
BSE,PRAJIND,PRAJIND.BO
BSE,PRAKASH,PRAKASH.BO
BSE,PRAKASHSTL,PRAKASHSTL.BO
BSE,PRANAV,PRANAV.BO
BSE,PRARUH,PRARUH.BO
BSE,PRASOLCHEM,PRASOLCHEM.BO
BSE,PRATIK,PRATIK.BO
BSE,PRAVEG,PRAVEG.BO
BSE,PRAXIS,PRAXIS.BO
BSE,PRECAM,PRECAM.BO
BSE,PRECISIO,PRECISIO.BO
BSE,PRECWIRE,PRECWIRE.BO
BSE,PREMCAP,PREMCAP.BO
BSE,PREMCO,PREMCO.BO
BSE,PREMEXPLN,PREMEXPLN.BO
BSE,PREMIER,PREMIER.BO
BSE,PREMIERENE,PREMIERENE.BO
BSE,PREMIERPOL,PREMIERPOL.BO
BSE,PREMSYN,PREMSYN.BO
BSE,PRERINFRA,PRERINFRA.BO
BSE,PRESTIGE,PRESTIGE.BO
BSE,PREVEST,PREVEST.BO
BSE,PRICOLLTD,PRICOLLTD.BO
BSE,PRIMAGR,PRIMAGR.BO
BSE,PRIMAIN,PRIMAIN.BO
BSE,PRIMAINNO,PRIMAINNO.BO
BSE,PRIMAPLA,PRIMAPLA.BO
BSE,PRIMECAPM,PRIMECAPM.BO
BSE,PRIMEFRESH,PRIMEFRESH.BO
BSE,PRIMEPRO,PRIMEPRO.BO
BSE,PRIMESECU,PRIMESECU.BO
BSE,PRIMEURB,PRIMEURB.BO
BSE,PRIMIND,PRIMIND.BO
BSE,PRIMO,PRIMO.BO
BSE,PRINCEPIPE,PRINCEPIPE.BO
BSE,PRIORITY,PRIORITY.BO
BSE,PRISMFN,PRISMFN.BO
BSE,PRISMMEDI,PRISMMEDI.BO
BSE,PRISMX,PRISMX.BO
BSE,PRITHVIEXCH,PRITHVIEXCH.BO
BSE,PRITIKAUTO,PRITIKAUTO.BO
BSE,PRIVISCL,PRIVISCL.BO
BSE,PRIYALT,PRIYALT.BO
BSE,PROCLB,PROCLB.BO
BSE,PRODOCS,PRODOCS.BO
BSE,PROFINC,PROFINC.BO
BSE,PROMACT,PROMACT.BO
BSE,PROMAX,PROMAX.BO
BSE,PROSTARM,PROSTARM.BO
BSE,PROTEAN,PROTEAN.BO
BSE,PROZONER,PROZONER.BO
BSE,PRSMJOHNSN,PRSMJOHNSN.BO
BSE,PRSNTIN,PRSNTIN.BO
BSE,PRUDENT,PRUDENT.BO
BSE,PRUDMOULI,PRUDMOULI.BO
BSE,PSB,PSB.BO
BSE,PSCELESTIA,PSCELESTIA.BO
BSE,PSITINFRA,PSITINFRA.BO
BSE,PSPL,PSPL.BO
BSE,PSPLATINA,PSPLATINA.BO
BSE,PSPPROJECT,PSPPROJECT.BO
BSE,PSTITANIA,PSTITANIA.BO
BSE,PSUBANK,PSUBANK.BO
BSE,PSUBANKADD,PSUBANKADD.BO
BSE,PSUBNKBEES,PSUBNKBEES.BO
BSE,PSUBNKIETF,PSUBNKIETF.BO
BSE,PTC,PTC.BO
BSE,PTCIL,PTCIL.BO
BSE,PTL,PTL.BO
BSE,PULSRIN,PULSRIN.BO
BSE,PUNJABCHEM,PUNJABCHEM.BO
BSE,PUNJCOMMU,PUNJCOMMU.BO
BSE,PURETROP,PURETROP.BO
BSE,PURITY,PURITY.BO
BSE,PUROHITCON,PUROHITCON.BO
BSE,PURPLE,PURPLE.BO
BSE,PURPLEFIN,PURPLEFIN.BO
BSE,PURPLEWAVE,PURPLEWAVE.BO
BSE,PURSHOTTAM,PURSHOTTAM.BO
BSE,PURVA,PURVA.BO
BSE,PVP,PVP.BO
BSE,PVRINOX,PVRINOX.BO
BSE,PVSL,PVSL.BO
BSE,PVTBANIETF,PVTBANIETF.BO
BSE,PVTBANKADD,PVTBANKADD.BO
BSE,PVVINFRA,PVVINFRA.BO
BSE,PWASML,PWASML.BO
BSE,PWL,PWL.BO
BSE,PYRAMID,PYRAMID.BO
BSE,QAL,QAL.BO
BSE,QGO,QGO.BO
BSE,QGOLDHALF,QGOLDHALF.BO
BSE,QLL,QLL.BO
BSE,QNIFTY,QNIFTY.BO
BSE,QPOWER,QPOWER.BO
BSE,QRIL,QRIL.BO
BSE,QTFOODS,QTFOODS.BO
BSE,QUADFUTURE,QUADFUTURE.BO
BSE,QUADRANT,QUADRANT.BO
BSE,QUAL30IETF,QUAL30IETF.BO
BSE,QUANTDIA,QUANTDIA.BO
BSE,QUESS,QUESS.BO
BSE,QUESTCAP,QUESTCAP.BO
BSE,QUESTFLOW,QUESTFLOW.BO
BSE,QUICKHEAL,QUICKHEAL.BO
BSE,QUINT,QUINT.BO
BSE,RAAJMEDI,RAAJMEDI.BO
BSE,RAAMA,RAAMA.BO
BSE,RACE,RACE.BO
BSE,RACHIT,RACHIT.BO
BSE,RACLGEAR,RACLGEAR.BO
BSE,RACONTEUR,RACONTEUR.BO
BSE,RADAAN,RADAAN.BO
BSE,RADHEDE,RADHEDE.BO
BSE,RADHIKAJWE,RADHIKAJWE.BO
BSE,RADIANTCMS,RADIANTCMS.BO
BSE,RADICO,RADICO.BO
BSE,RADIOCITY,RADIOCITY.BO
BSE,RADIXIND,RADIXIND.BO
BSE,RAFL,RAFL.BO
BSE,RAGHUNAT,RAGHUNAT.BO
BSE,RAGHUSYN,RAGHUSYN.BO
BSE,RAGHUTOB,RAGHUTOB.BO
BSE,RAILTEL,RAILTEL.BO
BSE,RAIN,RAIN.BO
BSE,RAINBOW,RAINBOW.BO
BSE,RAINBOWF,RAINBOWF.BO
BSE,RAJABAH,RAJABAH.BO
BSE,RAJESH,RAJESH.BO
BSE,RAJESHEXPO,RAJESHEXPO.BO
BSE,RAJINFRA,RAJINFRA.BO
BSE,RAJKOTINV,RAJKOTINV.BO
BSE,RAJKSYN,RAJKSYN.BO
BSE,RAJNISH,RAJNISH.BO
BSE,RAJOOENG,RAJOOENG.BO
BSE,RAJPACK,RAJPACK.BO
BSE,RAJPALAYAM,RAJPALAYAM.BO
BSE,RAJPUTANA,RAJPUTANA.BO
BSE,RAJRATAN,RAJRATAN.BO
BSE,RAJRILTD,RAJRILTD.BO
BSE,RAJSEC,RAJSEC.BO
BSE,RAJSPTR,RAJSPTR.BO
BSE,RAJSREESUG,RAJSREESUG.BO
BSE,RAJTUBE,RAJTUBE.BO
BSE,RAJTV,RAJTV.BO
BSE,RAJVI,RAJVI.BO
BSE,RAKSAN,RAKSAN.BO
BSE,RAL,RAL.BO
BSE,RALEGRA,RALEGRA.BO
BSE,RALLIS,RALLIS.BO
BSE,RAMANEWS,RAMANEWS.BO
BSE,RAMAPHO,RAMAPHO.BO
BSE,RAMAPPR-B,RAMAPPR-B.BO
BSE,RAMASTEEL,RAMASTEEL.BO
BSE,RAMAVISION,RAMAVISION.BO
BSE,RAMBHAJO,RAMBHAJO.BO
BSE,RAMCOCEM,RAMCOCEM.BO
BSE,RAMCOIND,RAMCOIND.BO
BSE,RAMCOSYS,RAMCOSYS.BO
BSE,RAMGOPOLY,RAMGOPOLY.BO
BSE,RAMINFO,RAMINFO.BO
BSE,RAMKY,RAMKY.BO
BSE,RAMRAT,RAMRAT.BO
BSE,RAMSONS,RAMSONS.BO
BSE,RANASUG,RANASUG.BO
BSE,RANDER,RANDER.BO
BSE,RANEHOLDIN,RANEHOLDIN.BO
BSE,RANJEET,RANJEET.BO
BSE,RANJITSE,RANJITSE.BO
BSE,RAP,RAP.BO
BSE,RAPICUT,RAPICUT.BO
BSE,RAPID,RAPID.BO
BSE,RAPIDIN,RAPIDIN.BO
BSE,RASANDIK,RASANDIK.BO
BSE,RASIELEC,RASIELEC.BO
BSE,RASRESOR,RASRESOR.BO
BSE,RATEGAIN,RATEGAIN.BO
BSE,RATHIBAR,RATHIBAR.BO
BSE,RATHIST,RATHIST.BO
BSE,RATNABHUMI,RATNABHUMI.BO
BSE,RATNAMANI,RATNAMANI.BO
BSE,RATNAVEER,RATNAVEER.BO
BSE,RAVALSUGAR,RAVALSUGAR.BO
BSE,RAVEL,RAVEL.BO
BSE,RAWEDGE,RAWEDGE.BO
BSE,RAYALEMA,RAYALEMA.BO
BSE,RAYMOND,RAYMOND.BO
BSE,RAYMONDLSL,RAYMONDLSL.BO
BSE,RAYMONDREL,RAYMONDREL.BO
BSE,RBA,RBA.BO
BSE,RBLBANK,RBLBANK.BO
BSE,RBZJEWEL,RBZJEWEL.BO
BSE,RCAN,RCAN.BO
BSE,RCCL,RCCL.BO
BSE,RCF,RCF.BO
BSE,RCL,RCL.BO
BSE,RCOM,RCOM.BO
BSE,RDBIPL,RDBIPL.BO
BSE,RDBRL,RDBRL.BO
BSE,RDEL,RDEL.BO
BSE,RDGAIL,RDGAIL.BO
BSE,REALECO,REALECO.BO
BSE,RECLTD,RECLTD.BO
BSE,RECODE,RECODE.BO
BSE,REDINGTON,REDINGTON.BO
BSE,REDTAPE,REDTAPE.BO
BSE,REETECH,REETECH.BO
BSE,REFEX,REFEX.BO
BSE,REGAAL,REGAAL.BO
BSE,REGAL,REGAL.BO
BSE,REGANTO,REGANTO.BO
BSE,REGENCERAM,REGENCERAM.BO
BSE,REGENCY,REGENCY.BO
BSE,REGENTRP,REGENTRP.BO
BSE,REGIS,REGIS.BO
BSE,RELAXO,RELAXO.BO
BSE,RELCHEMQ,RELCHEMQ.BO
BSE,RELIABLE,RELIABLE.BO
BSE,RELIABVEN,RELIABVEN.BO
BSE,RELIANCE,RELIANCE.BO
BSE,RELICAB,RELICAB.BO
BSE,RELICTEC,RELICTEC.BO
BSE,RELIGARE,RELIGARE.BO
BSE,RELINFRA,RELINFRA.BO
BSE,RELTD,RELTD.BO
BSE,REMAGNET,REMAGNET.BO
BSE,REMIEDEL,REMIEDEL.BO
BSE,REMSONSIND,REMSONSIND.BO
BSE,RENTOMOJO,RENTOMOJO.BO
BSE,RENUKA,RENUKA.BO
BSE,REPCOHOME,REPCOHOME.BO
BSE,REPONO,REPONO.BO
BSE,REPRO,REPRO.BO
BSE,RESGEN,RESGEN.BO
BSE,RESONANCE,RESONANCE.BO
BSE,RESPONIND,RESPONIND.BO
BSE,RESPONSINF,RESPONSINF.BO
BSE,RESTILE,RESTILE.BO
BSE,RETAGGIO,RETAGGIO.BO
BSE,RETAIL,RETAIL.BO
BSE,RETINA,RETINA.BO
BSE,REXNORD,REXNORD.BO
BSE,REXSEAL,REXSEAL.BO
BSE,RFIL,RFIL.BO
BSE,RFL,RFL.BO
BSE,RFLL,RFLL.BO
BSE,RFSL,RFSL.BO
BSE,RGF,RGF.BO
BSE,RGIL,RGIL.BO
BSE,RGL,RGL.BO
BSE,RGRL,RGRL.BO
BSE,RHETAN,RHETAN.BO
BSE,RHFL,RHFL.BO
BSE,RHIM,RHIM.BO
BSE,RHL,RHL.BO
BSE,RIBATEX,RIBATEX.BO
BSE,RICHUNV,RICHUNV.BO
BSE,RICOAUTO,RICOAUTO.BO
BSE,RIDDHI,RIDDHI.BO
BSE,RIDDHICORP,RIDDHICORP.BO
BSE,RIIL,RIIL.BO
BSE,RIIT,RIIT.BO
BSE,RIKHAV,RIKHAV.BO
BSE,RIR,RIR.BO
BSE,RISAINTL,RISAINTL.BO
BSE,RISHABH,RISHABH.BO
BSE,RISHDIGA,RISHDIGA.BO
BSE,RISHILASE,RISHILASE.BO
BSE,RISHIROOP,RISHIROOP.BO
BSE,RISHITECH,RISHITECH.BO
BSE,RITCO,RITCO.BO
BSE,RITES,RITES.BO
BSE,RITESHIN,RITESHIN.BO
BSE,RITHWIKFMS,RITHWIKFMS.BO
BSE,RIYAASAT,RIYAASAT.BO
BSE,RJSHAH,RJSHAH.BO
BSE,RKDAGRRTL,RKDAGRRTL.BO
BSE,RKDL,RKDL.BO
BSE,RKFORGE,RKFORGE.BO
BSE,RKSWAMY,RKSWAMY.BO
BSE,RLF,RLF.BO
BSE,RMC,RMC.BO
BSE,RMDRIP,RMDRIP.BO
BSE,RML,RML.BO
BSE,RNBDENIMS,RNBDENIMS.BO
BSE,RNITAI,RNITAI.BO
BSE,ROADSTAR,ROADSTAR.BO
BSE,ROBU,ROBU.BO
BSE,RODIUM,RODIUM.BO
BSE,ROHLTD,ROHLTD.BO
BSE,ROJL,ROJL.BO
BSE,ROLCOEN,ROLCOEN.BO
BSE,ROLEXRINGS,ROLEXRINGS.BO
BSE,ROLLT,ROLLT.BO
BSE,ROML,ROML.BO
BSE,RONI,RONI.BO
BSE,ROOPAIND,ROOPAIND.BO
BSE,ROOPSHRI,ROOPSHRI.BO
BSE,ROSELABS,ROSELABS.BO
BSE,ROSEMER,ROSEMER.BO
BSE,ROSSARI,ROSSARI.BO
BSE,ROSSELLIND,ROSSELLIND.BO
BSE,ROSSTECH,ROSSTECH.BO
BSE,ROTO,ROTO.BO
BSE,ROUTE,ROUTE.BO
BSE,ROYAL,ROYAL.BO
BSE,ROYALCU,ROYALCU.BO
BSE,ROYALIND,ROYALIND.BO
BSE,RPEL,RPEL.BO
BSE,RPGLIFE,RPGLIFE.BO
BSE,RPOWER,RPOWER.BO
BSE,RPPINFRA,RPPINFRA.BO
BSE,RPSGVENT,RPSGVENT.BO
BSE,RPTECH,RPTECH.BO
BSE,RRECL,RRECL.BO
BSE,RRETAIL,RRETAIL.BO
BSE,RRFIN,RRFIN.BO
BSE,RRIL,RRIL.BO
BSE,RRKABEL,RRKABEL.BO
BSE,RRMETAL,RRMETAL.BO
BSE,RRSECUR,RRSECUR.BO
BSE,RSCINT,RSCINT.BO
BSE,RSDFIN,RSDFIN.BO
BSE,RSL,RSL.BO
BSE,RSSOFTWARE,RSSOFTWARE.BO
BSE,RSTL,RSTL.BO
BSE,RSWM,RSWM.BO
BSE,RSYSTEMS,RSYSTEMS.BO
BSE,RTFL,RTFL.BO
BSE,RTNINDIA,RTNINDIA.BO
BSE,RTNPOWER,RTNPOWER.BO
BSE,RTSPOWR,RTSPOWR.BO
BSE,RUBFILA,RUBFILA.BO
BSE,RUBICON,RUBICON.BO
BSE,RUBYMILLS,RUBYMILLS.BO
BSE,RUCHINFRA,RUCHINFRA.BO
BSE,RUCHIRA,RUCHIRA.BO
BSE,RUDRA,RUDRA.BO
BSE,RUDRAECO,RUDRAECO.BO
BSE,RUDRAGAS,RUDRAGAS.BO
BSE,RUNGTAIR,RUNGTAIR.BO
BSE,RUPA,RUPA.BO
BSE,RUSHIL,RUSHIL.BO
BSE,RUSTOMJEE,RUSTOMJEE.BO
BSE,RVHL,RVHL.BO
BSE,RVNL,RVNL.BO
BSE,RVTH,RVTH.BO
BSE,S&SPOWER,S&SPOWER.BO
BSE,SAATVIKGL,SAATVIKGL.BO
BSE,SAB,SAB.BO
BSE,SABOOSOD,SABOOSOD.BO
BSE,SACHEMT,SACHEMT.BO
BSE,SADBHAV,SADBHAV.BO
BSE,SADBHIN,SADBHIN.BO
BSE,SADHNANIQ,SADHNANIQ.BO
BSE,SAFARI,SAFARI.BO
BSE,SAFE,SAFE.BO
BSE,SAFECURE,SAFECURE.BO
BSE,SAFFRON,SAFFRON.BO
BSE,SAGARSOFT,SAGARSOFT.BO
BSE,SAGCEM,SAGCEM.BO
BSE,SAGILITY,SAGILITY.BO
BSE,SAHARAHOUS,SAHARAHOUS.BO
BSE,SAHLIBHFI,SAHLIBHFI.BO
BSE,SAHYADRI,SAHYADRI.BO
BSE,SAICAPI,SAICAPI.BO
BSE,SAICOM,SAICOM.BO
BSE,SAIL,SAIL.BO
BSE,SAILANI,SAILANI.BO
BSE,SAILIFE,SAILIFE.BO
BSE,SAINIK,SAINIK.BO
BSE,SAIPARENT,SAIPARENT.BO
BSE,SAKHTISUG,SAKHTISUG.BO
BSE,SAKSOFT,SAKSOFT.BO
BSE,SAKTHIFIN,SAKTHIFIN.BO
BSE,SAKUMA,SAKUMA.BO
BSE,SALASAR,SALASAR.BO
BSE,SALAUTO,SALAUTO.BO
BSE,SALEM,SALEM.BO
BSE,SALGUTI,SALGUTI.BO
BSE,SALONA,SALONA.BO
BSE,SALORAINTL,SALORAINTL.BO
BSE,SALSAIN,SALSAIN.BO
BSE,SALSTEEL,SALSTEEL.BO
BSE,SALZERELEC,SALZERELEC.BO
BSE,SAMBANDAM,SAMBANDAM.BO
BSE,SAMBHAAV,SAMBHAAV.BO
BSE,SAMBHV,SAMBHV.BO
BSE,SAMHI,SAMHI.BO
BSE,SAMINDUS,SAMINDUS.BO
BSE,SAMKRG,SAMKRG.BO
BSE,SAMMAANCAP,SAMMAANCAP.BO
BSE,SAMOR,SAMOR.BO
BSE,SAMPANN,SAMPANN.BO
BSE,SAMPAT,SAMPAT.BO
BSE,SAMPRE,SAMPRE.BO
BSE,SAMRATFORG,SAMRATFORG.BO
BSE,SAMRATPH,SAMRATPH.BO
BSE,SAMSRITA,SAMSRITA.BO
BSE,SAMTELIN,SAMTELIN.BO
BSE,SAMTEX,SAMTEX.BO
BSE,SAMYAKINT,SAMYAKINT.BO
BSE,SANATHAN,SANATHAN.BO
BSE,SANBLUE,SANBLUE.BO
BSE,SANCF,SANCF.BO
BSE,SANCODE,SANCODE.BO
BSE,SANCTRN,SANCTRN.BO
BSE,SANDESH,SANDESH.BO
BSE,SANDHAR,SANDHAR.BO
BSE,SANDUMA,SANDUMA.BO
BSE,SANDUPHQ,SANDUPHQ.BO
BSE,SANGAMFIN,SANGAMFIN.BO
BSE,SANGAMIND,SANGAMIND.BO
BSE,SANGHVIMOV,SANGHVIMOV.BO
BSE,SANINFRA,SANINFRA.BO
BSE,SANJIVIN,SANJIVIN.BO
BSE,SANOFI,SANOFI.BO
BSE,SANOFICONR,SANOFICONR.BO
BSE,SANPA,SANPA.BO
BSE,SANSERA,SANSERA.BO
BSE,SANSTAR,SANSTAR.BO
BSE,SANTETX,SANTETX.BO
BSE,SANWARIA,SANWARIA.BO
BSE,SAPL,SAPL.BO
BSE,SAPPHIRE,SAPPHIRE.BO
BSE,SAPPL,SAPPL.BO
BSE,SARDAEN,SARDAEN.BO
BSE,SAREGAMA,SAREGAMA.BO
BSE,SARLAPOLY,SARLAPOLY.BO
BSE,SARTHAKGL,SARTHAKGL.BO
BSE,SARTHAKIND,SARTHAKIND.BO
BSE,SARVESHWAR,SARVESHWAR.BO
BSE,SARVOTTAM,SARVOTTAM.BO
BSE,SASHWAT,SASHWAT.BO
BSE,SASKEN,SASKEN.BO
BSE,SATCH,SATCH.BO
BSE,SATIA,SATIA.BO
BSE,SATIN,SATIN.BO
BSE,SATTRIX,SATTRIX.BO
BSE,SAUMYA,SAUMYA.BO
BSE,SAURASHCEM,SAURASHCEM.BO
BSE,SAVERA,SAVERA.BO
BSE,SAWACA,SAWACA.BO
BSE,SAYAJIHOTL,SAYAJIHOTL.BO
BSE,SAYAJIIND,SAYAJIIND.BO
BSE,SBC,SBC.BO
BSE,SBCL,SBCL.BO
BSE,SBECSUG,SBECSUG.BO
BSE,SBECSYS,SBECSYS.BO
BSE,SBFC,SBFC.BO
BSE,SBFL,SBFL.BO
BSE,SBGLP,SBGLP.BO
BSE,SBIBPB,SBIBPB.BO
BSE,SBICARD,SBICARD.BO
BSE,SBIFUNDS,SBIFUNDS.BO
BSE,SBILIFE,SBILIFE.BO
BSE,SBIMIDMOM,SBIMIDMOM.BO
BSE,SBIN,SBIN.BO
BSE,SBINEQWETF,SBINEQWETF.BO
BSE,SBINMID150,SBINMID150.BO
BSE,SBISENSEX,SBISENSEX.BO
BSE,SBISILVER,SBISILVER.BO
BSE,SBISMLETF,SBISMLETF.BO
BSE,SBIVALETF,SBIVALETF.BO
BSE,SBL,SBL.BO
BSE,SBLI,SBLI.BO
BSE,SBRANDS,SBRANDS.BO
BSE,SBVCL,SBVCL.BO
BSE,SCAGRO,SCAGRO.BO
BSE,SCANPRO,SCANPRO.BO
BSE,SCANSTL,SCANSTL.BO
BSE,SCARNOSE,SCARNOSE.BO
BSE,SCBL,SCBL.BO
BSE,SCC,SCC.BO
BSE,SCDL,SCDL.BO
BSE,SCHAEFFLER,SCHAEFFLER.BO
BSE,SCHAND,SCHAND.BO
BSE,SCHNEIDER,SCHNEIDER.BO
BSE,SCI,SCI.BO
BSE,SCILAL,SCILAL.BO
BSE,SCODATUBES,SCODATUBES.BO
BSE,SCOOBEEDAY,SCOOBEEDAY.BO
BSE,SCPL,SCPL.BO
BSE,SCTL,SCTL.BO
BSE,SDBL,SDBL.BO
BSE,SDC,SDC.BO
BSE,SDL,SDL.BO
BSE,SEALMATIC,SEALMATIC.BO
BSE,SEAMECLTD,SEAMECLTD.BO
BSE,SEASONST,SEASONST.BO
BSE,SEATV,SEATV.BO
BSE,SECLEDBETA,SECLEDBETA.BO
BSE,SECMARK,SECMARK.BO
BSE,SECURKLOUD,SECURKLOUD.BO
BSE,SEDEMAC,SEDEMAC.BO
BSE,SEEMAX,SEEMAX.BO
BSE,SEIL,SEIL.BO
BSE,SEJALLTD,SEJALLTD.BO
BSE,SEKURITIND,SEKURITIND.BO
BSE,SEL,SEL.BO
BSE,SELECTIPO,SELECTIPO.BO
BSE,SELECTRIC,SELECTRIC.BO
BSE,SEMAC,SEMAC.BO
BSE,SEML,SEML.BO
BSE,SENCO,SENCO.BO
BSE,SENORES,SENORES.BO
BSE,SENSEX,^BSESN
BSE,SENSEX1,SENSEX1.BO
BSE,SENSEXADD,SENSEXADD.BO
BSE,SENSEXAXIS,SENSEXAXIS.BO
BSE,SENSEXBEES,SENSEXBEES.BO
BSE,SENSEXBETA,SENSEXBETA.BO
BSE,SENSEXETF,SENSEXETF.BO
BSE,SENSEXIETF,SENSEXIETF.BO
BSE,SEPC,SEPC.BO
BSE,SERA,SERA.BO
BSE,SESHAPAPER,SESHAPAPER.BO
BSE,SETCO,SETCO.BO
BSE,SETFBSE100,SETFBSE100.BO
BSE,SETFGOLD,SETFGOLD.BO
BSE,SETFNIF50,SETFNIF50.BO
BSE,SETFNIFBK,SETFNIFBK.BO
BSE,SETFSN50,SETFSN50.BO
BSE,SETL,SETL.BO
BSE,SETUINFRA,SETUINFRA.BO
BSE,SEVL,SEVL.BO
BSE,SEYAIND,SEYAIND.BO
BSE,SFL,SFL.BO
BSE,SFPIL,SFPIL.BO
BSE,SFSL,SFSL.BO
BSE,SFTL,SFTL.BO
BSE,SGFIN,SGFIN.BO
BSE,SGFRL,SGFRL.BO
BSE,SGIL,SGIL.BO
BSE,SGL,SGL.BO
BSE,SGLRES,SGLRES.BO
BSE,SGMART,SGMART.BO
BSE,SGNTE,SGNTE.BO
BSE,SGRL,SGRL.BO
BSE,SHADOWFAX,SHADOWFAX.BO
BSE,SHAH,SHAH.BO
BSE,SHAHALLOYS,SHAHALLOYS.BO
BSE,SHAHFOOD,SHAHFOOD.BO
BSE,SHAHISHIP,SHAHISHIP.BO
BSE,SHAHLON,SHAHLON.BO
BSE,SHAILY,SHAILY.BO
BSE,SHAKTIPOLY,SHAKTIPOLY.BO
BSE,SHAKTIPR,SHAKTIPR.BO
BSE,SHAKTIPUMP,SHAKTIPUMP.BO
BSE,SHALBY,SHALBY.BO
BSE,SHALIWIR,SHALIWIR.BO
BSE,SHALPAINTS,SHALPAINTS.BO
BSE,SHALPRO,SHALPRO.BO
BSE,SHAMFOAM,SHAMFOAM.BO
BSE,SHANGAR,SHANGAR.BO
BSE,SHANKARA,SHANKARA.BO
BSE,SHANKESH,SHANKESH.BO
BSE,SHANMUGA,SHANMUGA.BO
BSE,SHANTIDENM,SHANTIDENM.BO
BSE,SHANTIGEAR,SHANTIGEAR.BO
BSE,SHANTIGOLD,SHANTIGOLD.BO
BSE,SHANTIGURU,SHANTIGURU.BO
BSE,SHAQUAK,SHAQUAK.BO
BSE,SHARDACROP,SHARDACROP.BO
BSE,SHARDAMOTR,SHARDAMOTR.BO
BSE,SHARDUL,SHARDUL.BO
BSE,SHAREINDIA,SHAREINDIA.BO
BSE,SHARIABEES,SHARIABEES.BO
BSE,SHARIKA,SHARIKA.BO
BSE,SHARMEH,SHARMEH.BO
BSE,SHARPINV,SHARPINV.BO
BSE,SHARPLINE,SHARPLINE.BO
BSE,SHARVAYA,SHARVAYA.BO
BSE,SHASHANK,SHASHANK.BO
BSE,SHASHIJIT,SHASHIJIT.BO
BSE,SHAWGELTIN,SHAWGELTIN.BO
BSE,SHAYONAENG,SHAYONAENG.BO
BSE,SHBAJRG,SHBAJRG.BO
BSE,SHEKHAWATI,SHEKHAWATI.BO
BSE,SHELTER,SHELTER.BO
BSE,SHEMAROO,SHEMAROO.BO
BSE,SHENTRA,SHENTRA.BO
BSE,SHERVANI,SHERVANI.BO
BSE,SHESHAINDS,SHESHAINDS.BO
BSE,SHETR,SHETR.BO
BSE,SHGANEL,SHGANEL.BO
BSE,SHHARICH,SHHARICH.BO
BSE,SHIKHARLETR,SHIKHARLETR.BO
BSE,SHILCTECH,SHILCTECH.BO
BSE,SHILGRAVQ,SHILGRAVQ.BO
BSE,SHILINDORE,SHILINDORE.BO
BSE,SHILPAMED,SHILPAMED.BO
BSE,SHINDL,SHINDL.BO
BSE,SHINEFASH,SHINEFASH.BO
BSE,SHIPROCKET,SHIPROCKET.BO
BSE,SHIPWAVES,SHIPWAVES.BO
BSE,SHISHIND,SHISHIND.BO
BSE,SHIVA,SHIVA.BO
BSE,SHIVAAGRO,SHIVAAGRO.BO
BSE,SHIVACEM,SHIVACEM.BO
BSE,SHIVAEXPO,SHIVAEXPO.BO
BSE,SHIVAGR,SHIVAGR.BO
BSE,SHIVALIK,SHIVALIK.BO
BSE,SHIVAM,SHIVAM.BO
BSE,SHIVAMAUTO,SHIVAMAUTO.BO
BSE,SHIVAMILLS,SHIVAMILLS.BO
BSE,SHIVATEX,SHIVATEX.BO
BSE,SHIVTEXCHEM,SHIVTEXCHEM.BO
BSE,SHK,SHK.BO
BSE,SHKALYN,SHKALYN.BO
BSE,SHKARTP,SHKARTP.BO
BSE,SHLOKKA,SHLOKKA.BO
BSE,SHOORA,SHOORA.BO
BSE,SHOPERSTOP,SHOPERSTOP.BO
BSE,SHPLPUNE,SHPLPUNE.BO
BSE,SHRAAITECH,SHRAAITECH.BO
BSE,SHRADDHA,SHRADDHA.BO
BSE,SHRAJOI,SHRAJOI.BO
BSE,SHRAJSYNQ,SHRAJSYNQ.BO
BSE,SHRDAIS,SHRDAIS.BO
BSE,SHREDIGCEM,SHREDIGCEM.BO
BSE,SHREE,SHREE.BO
BSE,SHREECEM,SHREECEM.BO
BSE,SHREEGANES,SHREEGANES.BO
BSE,SHREEJISPG,SHREEJISPG.BO
BSE,SHREENATH,SHREENATH.BO
BSE,SHREEPAC,SHREEPAC.BO
BSE,SHREEPUSHK,SHREEPUSHK.BO
BSE,SHREERAMA,SHREERAMA.BO
BSE,SHREEREF,SHREEREF.BO
BSE,SHREESEC,SHREESEC.BO
BSE,SHREESHAY,SHREESHAY.BO
BSE,SHREMETAL,SHREMETAL.BO
BSE,SHREYANIND,SHREYANIND.BO
BSE,SHREYASI,SHREYASI.BO
BSE,SHRICON,SHRICON.BO
BSE,SHRIDINE,SHRIDINE.BO
BSE,SHRIGANG,SHRIGANG.BO
BSE,SHRIKRISH,SHRIKRISH.BO
BSE,SHRINGARMS,SHRINGARMS.BO
BSE,SHRINIWAS,SHRINIWAS.BO
BSE,SHRIPISTON,SHRIPISTON.BO
BSE,SHRIRAMFIN,SHRIRAMFIN.BO
BSE,SHRIRAMPPS,SHRIRAMPPS.BO
BSE,SHRISTI,SHRISTI.BO
BSE,SHRJAGP,SHRJAGP.BO
BSE,SHRMFGC,SHRMFGC.BO
BSE,SHRYDUS,SHRYDUS.BO
BSE,SHTL,SHTL.BO
BSE,SHUBHAM,SHUBHAM.BO
BSE,SHUKJEW,SHUKJEW.BO
BSE,SHUKRAPHAR,SHUKRAPHAR.BO
BSE,SHVFL,SHVFL.BO
BSE,SHVSUIT,SHVSUIT.BO
BSE,SHYAMACOMP,SHYAMACOMP.BO
BSE,SHYAMCENT,SHYAMCENT.BO
BSE,SHYAMMETL,SHYAMMETL.BO
BSE,SHYAMTEL,SHYAMTEL.BO
BSE,SHYMINV,SHYMINV.BO
BSE,SIBARAUT,SIBARAUT.BO
BSE,SICAGEN,SICAGEN.BO
BSE,SICALLOG,SICALLOG.BO
BSE,SICAPIT,SICAPIT.BO
BSE,SICL,SICL.BO
BSE,SIDDHA,SIDDHA.BO
BSE,SIDDHEGA,SIDDHEGA.BO
BSE,SIEL,SIEL.BO
BSE,SIGACHI,SIGACHI.BO
BSE,SIGIND,SIGIND.BO
BSE,SIGMA,SIGMA.BO
BSE,SIGMAADV,SIGMAADV.BO
BSE,SIGNATURE,SIGNATURE.BO
BSE,SIGNGCL,SIGNGCL.BO
BSE,SIGNPOST,SIGNPOST.BO
BSE,SIHORA,SIHORA.BO
BSE,SIIL,SIIL.BO
BSE,SIKA,SIKA.BO
BSE,SIL,SIL.BO
BSE,SILINV,SILINV.BO
BSE,SILL,SILL.BO
BSE,SILVER,SILVER.BO
BSE,SILVER360,SILVER360.BO
BSE,SILVERADD,SILVERADD.BO
BSE,SILVERAG,SILVERAG.BO
BSE,SILVERBEES,SILVERBEES.BO
BSE,SILVERBETA,SILVERBETA.BO
BSE,SILVERBND,SILVERBND.BO
BSE,SILVERCASE,SILVERCASE.BO
BSE,SILVERIETF,SILVERIETF.BO
BSE,SILVERO,SILVERO.BO
BSE,SILVERPRL,SILVERPRL.BO
BSE,SILVERTUC,SILVERTUC.BO
BSE,SILVOAK,SILVOAK.BO
BSE,SIMANDHAR,SIMANDHAR.BO
BSE,SIMBHALS,SIMBHALS.BO
BSE,SIMMOND,SIMMOND.BO
BSE,SIMPLEXCAS,SIMPLEXCAS.BO
BSE,SIMPLEXINF,SIMPLEXINF.BO
BSE,SIMPLXPAP,SIMPLXPAP.BO
BSE,SIMPLXREA,SIMPLXREA.BO
BSE,SIMRAN,SIMRAN.BO
BSE,SINCLAIR,SINCLAIR.BO
BSE,SINDHUTRAD,SINDHUTRAD.BO
BSE,SINGERIND,SINGERIND.BO
BSE,SINNAR,SINNAR.BO
BSE,SIPL,SIPL.BO
BSE,SIRCA,SIRCA.BO
BSE,SIROHIA,SIROHIA.BO
BSE,SIS,SIS.BO
BSE,SISL,SISL.BO
BSE,SITAENT,SITAENT.BO
BSE,SITINET,SITINET.BO
BSE,SIYARAM,SIYARAM.BO
BSE,SIYSIL,SIYSIL.BO
BSE,SIZEMASTER,SIZEMASTER.BO
BSE,SJS,SJS.BO
BSE,SJVN,SJVN.BO
BSE,SKCIL,SKCIL.BO
BSE,SKFINDIA,SKFINDIA.BO
BSE,SKFINDUS,SKFINDUS.BO
BSE,SKIEL,SKIEL.BO
BSE,SKIFL,SKIFL.BO
BSE,SKIPPER,SKIPPER.BO
BSE,SKL,SKL.BO
BSE,SKM,SKM.BO
BSE,SKMEGGPROD,SKMEGGPROD.BO
BSE,SKPMIL,SKPMIL.BO
BSE,SKPSEC,SKPSEC.BO
BSE,SKRABUL,SKRABUL.BO
BSE,SKYBIOTECH,SKYBIOTECH.BO
BSE,SKYGOLD,SKYGOLD.BO
BSE,SKYIND,SKYIND.BO
BSE,SKYLMILAR,SKYLMILAR.BO
BSE,SKYWAYS,SKYWAYS.BO
BSE,SLSTLQ,SLSTLQ.BO
BSE,SMALL250,SMALL250.BO
BSE,SMALLADD,SMALLADD.BO
BSE,SMALLCAP,SMALLCAP.BO
BSE,SMALLIETF,SMALLIETF.BO
BSE,SMARITIME,SMARITIME.BO
BSE,SMARTFIN,SMARTFIN.BO
BSE,SMARTLINK,SMARTLINK.BO
BSE,SMARTWORKS,SMARTWORKS.BO
BSE,SMAUTO,SMAUTO.BO
BSE,SMCGLOBAL,SMCGLOBAL.BO
BSE,SMEL,SMEL.BO
BSE,SMFIL,SMFIL.BO
BSE,SMGOLD,SMGOLD.BO
BSE,SML100CASE,SML100CASE.BO
BSE,SMLMAH,SMLMAH.BO
BSE,SMLT,SMLT.BO
BSE,SMR,SMR.BO
BSE,SMRUTHIORG,SMRUTHIORG.BO
BSE,SMSPHARMA,SMSPHARMA.BO
BSE,SMTEL,SMTEL.BO
BSE,SNIM,SNIM.BO
BSE,SNL,SNL.BO
BSE,SNOWMAN,SNOWMAN.BO
BSE,SNXT30BEES,SNXT30BEES.BO
BSE,SNXT50BEES,SNXT50BEES.BO
BSE,SNXT50BETA,SNXT50BETA.BO
BSE,SOBHA,SOBHA.BO
BSE,SOBME,SOBME.BO
BSE,SODHACAP,SODHACAP.BO
BSE,SOFCOM,SOFCOM.BO
BSE,SOFTRAKV,SOFTRAKV.BO
BSE,SOFTTECH,SOFTTECH.BO
BSE,SOLARA,SOLARA.BO
BSE,SOLARINDS,SOLARINDS.BO
BSE,SOLARIUM,SOLARIUM.BO
BSE,SOLARWORLD,SOLARWORLD.BO
BSE,SOLEX,SOLEX.BO
BSE,SOLIDSTON,SOLIDSTON.BO
BSE,SOLIMAC,SOLIMAC.BO
BSE,SOLVEX,SOLVEX.BO
BSE,SOMANYCERA,SOMANYCERA.BO
BSE,SOMATEX,SOMATEX.BO
BSE,SOMICONVEY,SOMICONVEY.BO
BSE,SONA,SONA.BO
BSE,SONACOMS,SONACOMS.BO
BSE,SONAL,SONAL.BO
BSE,SONALAD,SONALAD.BO
BSE,SONALIS,SONALIS.BO
BSE,SONATSOFTW,SONATSOFTW.BO
BSE,SOTEFIN,SOTEFIN.BO
BSE,SOTL,SOTL.BO
BSE,SOURCEIND,SOURCEIND.BO
BSE,SOURCENTRL,SOURCENTRL.BO
BSE,SOUTHBANK,SOUTHBANK.BO
BSE,SOUTHERNIN,SOUTHERNIN.BO
BSE,SOUTHMG,SOUTHMG.BO
BSE,SOUTHWEST,SOUTHWEST.BO
BSE,SOUTLAT,SOUTLAT.BO
BSE,SOVERDIA,SOVERDIA.BO
BSE,SPACAPS,SPACAPS.BO
BSE,SPACEINCUBA,SPACEINCUBA.BO
BSE,SPAL,SPAL.BO
BSE,SPANDANA,SPANDANA.BO
BSE,SPAR,SPAR.BO
BSE,SPARC,SPARC.BO
BSE,SPARKLEGR,SPARKLEGR.BO
BSE,SPCAPIT,SPCAPIT.BO
BSE,SPECFOOD,SPECFOOD.BO
BSE,SPECIALITY,SPECIALITY.BO
BSE,SPECTRA,SPECTRA.BO
BSE,SPECTRUM,SPECTRUM.BO
BSE,SPEEDEX,SPEEDEX.BO
BSE,SPENCERS,SPENCERS.BO
BSE,SPENTA,SPENTA.BO
BSE,SPIC,SPIC.BO
BSE,SPICEISLIN,SPICEISLIN.BO
BSE,SPICEJET,SPICEJET.BO
BSE,SPICELOUNG,SPICELOUNG.BO
BSE,SPINAROO,SPINAROO.BO
BSE,SPITZE,SPITZE.BO
BSE,SPL,SPL.BO
BSE,SPLIL,SPLIL.BO
BSE,SPLPETRO,SPLPETRO.BO
BSE,SPML,SPML.BO
BSE,SPMLINFRA,SPMLINFRA.BO
BSE,SPORTKING,SPORTKING.BO
BSE,SPRAYKING,SPRAYKING.BO
BSE,SPRIGHT,SPRIGHT.BO
BSE,SPSL,SPSL.BO
BSE,SPTRSHI,SPTRSHI.BO
BSE,SPVGLOBAL,SPVGLOBAL.BO
BSE,SRAMSET,SRAMSET.BO
BSE,SRD,SRD.BO
BSE,SRECR,SRECR.BO
BSE,SREEL,SREEL.BO
BSE,SRESTHA,SRESTHA.BO
BSE,SRF,SRF.BO
BSE,SRGFFL,SRGFFL.BO
BSE,SRGHFL,SRGHFL.BO
BSE,SRHHYPOLTD,SRHHYPOLTD.BO
BSE,SRICC,SRICC.BO
BSE,SRIGEE,SRIGEE.BO
BSE,SRIKPRIND,SRIKPRIND.BO
BSE,SRINACHA,SRINACHA.BO
BSE,SRM,SRM.BO
BSE,SRMCL,SRMCL.BO
BSE,SRMENERGY,SRMENERGY.BO
BSE,SRSOLTD,SRSOLTD.BO
BSE,SRTL,SRTL.BO
BSE,SRUSTEELS,SRUSTEELS.BO
BSE,SSDL,SSDL.BO
BSE,SSL,SSL.BO
BSE,SSMD,SSMD.BO
BSE,SSPDL,SSPDL.BO
BSE,SSPNFIN,SSPNFIN.BO
BSE,SSPRL,SSPRL.BO
BSE,SSRETAIL,SSRETAIL.BO
BSE,SSTL,SSTL.BO
BSE,SSWL,SSWL.BO
BSE,SSWRL,SSWRL.BO
BSE,STAL,STAL.BO
BSE,STALLION,STALLION.BO
BSE,STANBIK,STANBIK.BO
BSE,STANCAP,STANCAP.BO
BSE,STANLEY,STANLEY.BO
BSE,STANPACK,STANPACK.BO
BSE,STANROS,STANROS.BO
BSE,STAR,STAR.BO
BSE,STARCEMENT,STARCEMENT.BO
BSE,STARDELTA,STARDELTA.BO
BSE,STARHEALTH,STARHEALTH.BO
BSE,STARHFL,STARHFL.BO
BSE,STARIMAGIN,STARIMAGIN.BO
BSE,STARLENT,STARLENT.BO
BSE,STARLOG,STARLOG.BO
BSE,STARPAPER,STARPAPER.BO
BSE,STARSOURCE,STARSOURCE.BO
BSE,STARTECK,STARTECK.BO
BSE,STCINDIA,STCINDIA.BO
BSE,STCORP,STCORP.BO
BSE,STDBAT,STDBAT.BO
BSE,STDSFAC,STDSFAC.BO
BSE,STDSHOE,STDSHOE.BO
BSE,STEAMHOUSE,STEAMHOUSE.BO
BSE,STEELCAS,STEELCAS.BO
BSE,STEELCO,STEELCO.BO
BSE,STEELXIND,STEELXIND.BO
BSE,STEL,STEL.BO
BSE,STELLANT,STELLANT.BO
BSE,STELLAR,STELLAR.BO
BSE,STEP2COR,STEP2COR.BO
BSE,STERPOW,STERPOW.BO
BSE,STERTOOLS,STERTOOLS.BO
BSE,STHINPA,STHINPA.BO
BSE,STL,STL.BO
BSE,STLNETWORK,STLNETWORK.BO
BSE,STLSTRINF,STLSTRINF.BO
BSE,STLTECH,STLTECH.BO
BSE,STML,STML.BO
BSE,STOVACQ,STOVACQ.BO
BSE,STOVEKRAFT,STOVEKRAFT.BO
BSE,STRATMONT,STRATMONT.BO
BSE,STRGRENWO,STRGRENWO.BO
BSE,STUDDS,STUDDS.BO
BSE,STYL,STYL.BO
BSE,STYLAMIND,STYLAMIND.BO
BSE,STYLEBAAZA,STYLEBAAZA.BO
BSE,STYRENIX,STYRENIX.BO
BSE,SUBAM,SUBAM.BO
BSE,SUBEXLTD,SUBEXLTD.BO
BSE,SUBROS,SUBROS.BO
BSE,SUBSM,SUBSM.BO
BSE,SUCROSA,SUCROSA.BO
BSE,SUDAI,SUDAI.BO
BSE,SUDARCOLOR,SUDARCOLOR.BO
BSE,SUDARSCHEM,SUDARSCHEM.BO
BSE,SUDARSHAN,SUDARSHAN.BO
BSE,SUDEEPPHRM,SUDEEPPHRM.BO
BSE,SUDTIND-B,SUDTIND-B.BO
BSE,SUGALDAM,SUGALDAM.BO
BSE,SUGSLLOYD,SUGSLLOYD.BO
BSE,SUJALA,SUJALA.BO
BSE,SUKHJITS,SUKHJITS.BO
BSE,SULA,SULA.BO
BSE,SULABEN,SULABEN.BO
BSE,SUMEDHA,SUMEDHA.BO
BSE,SUMEETINDS,SUMEETINDS.BO
BSE,SUMERUIND,SUMERUIND.BO
BSE,SUMICHEM,SUMICHEM.BO
BSE,SUMMITSEC,SUMMITSEC.BO
BSE,SUNCITYSY,SUNCITYSY.BO
BSE,SUNCLAY,SUNCLAY.BO
BSE,SUNDARAM,SUNDARAM.BO
BSE,SUNDARMFIN,SUNDARMFIN.BO
BSE,SUNDRMBRAK,SUNDRMBRAK.BO
BSE,SUNDRMFAST,SUNDRMFAST.BO
BSE,SUNDROP,SUNDROP.BO
BSE,SUNFLAG,SUNFLAG.BO
BSE,SUNGOLD,SUNGOLD.BO
BSE,SUNILAGR,SUNILAGR.BO
BSE,SUNILTX,SUNILTX.BO
BSE,SUNITATOOL,SUNITATOOL.BO
BSE,SUNLOC,SUNLOC.BO
BSE,SUNPHARMA,SUNPHARMA.BO
BSE,SUNRAJDI,SUNRAJDI.BO
BSE,SUNRAKSHAK,SUNRAKSHAK.BO
BSE,SUNRETAIL,SUNRETAIL.BO
BSE,SUNRINV,SUNRINV.BO
BSE,SUNSHIEL,SUNSHIEL.BO
BSE,SUNSHINE,SUNSHINE.BO
BSE,SUNSKY,SUNSKY.BO
BSE,SUNTECK,SUNTECK.BO
BSE,SUNTV,SUNTV.BO
BSE,SUPER,SUPER.BO
BSE,SUPERBAK,SUPERBAK.BO
BSE,SUPERHOUSE,SUPERHOUSE.BO
BSE,SUPERIOR,SUPERIOR.BO
BSE,SUPERIRON,SUPERIRON.BO
BSE,SUPERSHAKT,SUPERSHAKT.BO
BSE,SUPERSPIN,SUPERSPIN.BO
BSE,SUPERTEX,SUPERTEX.BO
BSE,SUPHA,SUPHA.BO
BSE,SUPRAJIT,SUPRAJIT.BO
BSE,SUPRAPFSL,SUPRAPFSL.BO
BSE,SUPRATRE,SUPRATRE.BO
BSE,SUPREME,SUPREME.BO
BSE,SUPREMEIND,SUPREMEIND.BO
BSE,SUPREMEINF,SUPREMEINF.BO
BSE,SUPRIYA,SUPRIYA.BO
BSE,SUPTANERY,SUPTANERY.BO
BSE,SURAJ,SURAJ.BO
BSE,SURAJEST,SURAJEST.BO
BSE,SURAJLTD,SURAJLTD.BO
BSE,SURAKSHA,SURAKSHA.BO
BSE,SURANASOL,SURANASOL.BO
BSE,SURANAT&P,SURANAT&P.BO
BSE,SURATRAML,SURATRAML.BO
BSE,SURBHIN,SURBHIN.BO
BSE,SURFI,SURFI.BO
BSE,SURJIND,SURJIND.BO
BSE,SURYAAMBA,SURYAAMBA.BO
BSE,SURYALA,SURYALA.BO
BSE,SURYALAXMI,SURYALAXMI.BO
BSE,SURYAROSNI,SURYAROSNI.BO
BSE,SURYODAY,SURYODAY.BO
BSE,SUSAN,SUSAN.BO
BSE,SUTLEJTEX,SUTLEJTEX.BO
BSE,SUVEN,SUVEN.BO
BSE,SUVIDHAA,SUVIDHAA.BO
BSE,SUYOG,SUYOG.BO
BSE,SUZLON,SUZLON.BO
BSE,SVAMSOF,SVAMSOF.BO
BSE,SVARTCORP,SVARTCORP.BO
BSE,SVCIND,SVCIND.BO
BSE,SVGLOBAL,SVGLOBAL.BO
BSE,SVJ,SVJ.BO
BSE,SVPGLOB,SVPGLOB.BO
BSE,SVRL,SVRL.BO
BSE,SVS,SVS.BO
BSE,SW1,SW1.BO
BSE,SWADEIN,SWADEIN.BO
BSE,SWADHATURE,SWADHATURE.BO
BSE,SWADPOL,SWADPOL.BO
BSE,SWAGTAM,SWAGTAM.BO
BSE,SWANAGRO,SWANAGRO.BO
BSE,SWANCORP,SWANCORP.BO
BSE,SWANDEF,SWANDEF.BO
BSE,SWARAJ,SWARAJ.BO
BSE,SWARAJENG,SWARAJENG.BO
BSE,SWARNSAR,SWARNSAR.BO
BSE,SWASTH,SWASTH.BO
BSE,SWASTIKA,SWASTIKA.BO
BSE,SWASTIKAAL,SWASTIKAAL.BO
BSE,SWASTIVI,SWASTIVI.BO
BSE,SWATIPRO,SWATIPRO.BO
BSE,SWELECTES,SWELECTES.BO
BSE,SWIGGY,SWIGGY.BO
BSE,SWISSMLTRY,SWISSMLTRY.BO
BSE,SWITCHTE,SWITCHTE.BO
BSE,SWOJAS,SWOJAS.BO
BSE,SWORDEDGE,SWORDEDGE.BO
BSE,SWRNASE,SWRNASE.BO
BSE,SWSOLAR,SWSOLAR.BO
BSE,SYLPH,SYLPH.BO
BSE,SYMBIOTEC,SYMBIOTEC.BO
BSE,SYMBIOX,SYMBIOX.BO
BSE,SYMPHONY,SYMPHONY.BO
BSE,SYNCOMF,SYNCOMF.BO
BSE,SYNGENE,SYNGENE.BO
BSE,SYRMA,SYRMA.BO
BSE,SYSCHEM,SYSCHEM.BO
BSE,SYSTEMATIC,SYSTEMATIC.BO
BSE,SYSTMTXC,SYSTMTXC.BO
BSE,SYTIXSE,SYTIXSE.BO
BSE,TAALTECH,TAALTECH.BO
BSE,TAHMARENT,TAHMARENT.BO
BSE,TAIIND,TAIIND.BO
BSE,TAINWALCHM,TAINWALCHM.BO
BSE,TAJGVK,TAJGVK.BO
BSE,TAKE,TAKE.BO
BSE,TAKYON,TAKYON.BO
BSE,TALBROAUTO,TALBROAUTO.BO
BSE,TALBROSENG,TALBROSENG.BO
BSE,TAMBOLIIN,TAMBOLIIN.BO
BSE,TANAA,TANAA.BO
BSE,TANDHANIN,TANDHANIN.BO
BSE,TANFACIND,TANFACIND.BO
BSE,TANLA,TANLA.BO
BSE,TANVI,TANVI.BO
BSE,TAPARIA,TAPARIA.BO
BSE,TARAI,TARAI.BO
BSE,TARAPUR,TARAPUR.BO
BSE,TARC,TARC.BO
BSE,TARIL,TARIL.BO
BSE,TARINI,TARINI.BO
BSE,TARMAT,TARMAT.BO
BSE,TARSONS,TARSONS.BO
BSE,TASTYBITE,TASTYBITE.BO
BSE,TATACAP,TATACAP.BO
BSE,TATACHEM,TATACHEM.BO
BSE,TATACOMM,TATACOMM.BO
BSE,TATACONSUM,TATACONSUM.BO
BSE,TATAELXSI,TATAELXSI.BO
BSE,TATAGOLD,TATAGOLD.BO
BSE,TATAINVEST,TATAINVEST.BO
BSE,TATAPOWER,TATAPOWER.BO
BSE,TATASTEEL,TATASTEEL.BO
BSE,TATATECH,TATATECH.BO
BSE,TATIAGLOB,TATIAGLOB.BO
BSE,TATSILV,TATSILV.BO
BSE,TATVA,TATVA.BO
BSE,TAVEXIA,TAVEXIA.BO
BSE,TBOTEK,TBOTEK.BO
BSE,TBZ,TBZ.BO
BSE,TCC,TCC.BO
BSE,TCFCFINQ,TCFCFINQ.BO
BSE,TCI,TCI.BO
BSE,TCIEXP,TCIEXP.BO
BSE,TCIFINANCE,TCIFINANCE.BO
BSE,TCIIND,TCIIND.BO
BSE,TCMLMTD,TCMLMTD.BO
BSE,TCPLPACK,TCPLPACK.BO
BSE,TCS,TCS.BO
BSE,TDPOWERSYS,TDPOWERSYS.BO
BSE,TDSL,TDSL.BO
BSE,TEAMGTY,TEAMGTY.BO
BSE,TEAMLEASE,TEAMLEASE.BO
BSE,TECH,TECH.BO
BSE,TECHCON,TECHCON.BO
BSE,TECHKGREEN,TECHKGREEN.BO
BSE,TECHM,TECHM.BO
BSE,TECHNICHEM,TECHNICHEM.BO
BSE,TECHNOCRAF,TECHNOCRAF.BO
BSE,TECHNOCRAT,TECHNOCRAT.BO
BSE,TECHNOE,TECHNOE.BO
BSE,TECHNOPACK,TECHNOPACK.BO
BSE,TECHNVISN,TECHNVISN.BO
BSE,TECILCHEM,TECILCHEM.BO
BSE,TEEAI,TEEAI.BO
BSE,TEGA,TEGA.BO
BSE,TEJASNET,TEJASNET.BO
BSE,TEJASSVI,TEJASSVI.BO
BSE,TEJNAKSH,TEJNAKSH.BO
BSE,TELECANOR,TELECANOR.BO
BSE,TELGE,TELGE.BO
BSE,TELOGICA,TELOGICA.BO
BSE,TEMPSENS,TEMPSENS.BO
BSE,TENNIND,TENNIND.BO
BSE,TERAI,TERAI.BO
BSE,TERASOFT,TERASOFT.BO
BSE,TEXELIN,TEXELIN.BO
BSE,TEXINFRA,TEXINFRA.BO
BSE,TEXMOPIPES,TEXMOPIPES.BO
BSE,TEXRAIL,TEXRAIL.BO
BSE,TFCILTD,TFCILTD.BO
BSE,TFL,TFL.BO
BSE,TFSL,TFSL.BO
BSE,TGBHOTELS,TGBHOTELS.BO
BSE,TGIF,TGIF.BO
BSE,TGVSL,TGVSL.BO
BSE,THACKER,THACKER.BO
BSE,THAKDEV,THAKDEV.BO
BSE,THAKKERS,THAKKERS.BO
BSE,THAKRAL,THAKRAL.BO
BSE,THANGAMAYL,THANGAMAYL.BO
BSE,THEINVEST,THEINVEST.BO
BSE,THELEELA,THELEELA.BO
BSE,THEMISMED,THEMISMED.BO
BSE,THERMAX,THERMAX.BO
BSE,THINKINK,THINKINK.BO
BSE,THOMASCOOK,THOMASCOOK.BO
BSE,THOMASCOTT,THOMASCOTT.BO
BSE,THREEMPAPE,THREEMPAPE.BO
BSE,THRIVE,THRIVE.BO
BSE,THYROCARE,THYROCARE.BO
BSE,TI,TI.BO
BSE,TICL,TICL.BO
BSE,TIERRA,TIERRA.BO
BSE,TIGERLOGS,TIGERLOGS.BO
BSE,TIGLOB,TIGLOB.BO
BSE,TIHIL,TIHIL.BO
BSE,TIIL,TIIL.BO
BSE,TIINDIA,TIINDIA.BO
BSE,TIJARIA,TIJARIA.BO
BSE,TIL,TIL.BO
BSE,TILAK,TILAK.BO
BSE,TIMESGREEN,TIMESGREEN.BO
BSE,TIMETECHNO,TIMETECHNO.BO
BSE,TIMEX,TIMEX.BO
BSE,TIMKEN,TIMKEN.BO
BSE,TINNARUBR,TINNARUBR.BO
BSE,TIPCO,TIPCO.BO
BSE,TIPSFILMS,TIPSFILMS.BO
BSE,TIPSMUSIC,TIPSMUSIC.BO
BSE,TIRSARJ,TIRSARJ.BO
BSE,TIRTPLS,TIRTPLS.BO
BSE,TIRUFOAM,TIRUFOAM.BO
BSE,TIRUMALCHM,TIRUMALCHM.BO
BSE,TIRUPATIIN,TIRUPATIIN.BO
BSE,TIRUSTA,TIRUSTA.BO
BSE,TITAANIUM,TITAANIUM.BO
BSE,TITAGARH,TITAGARH.BO
BSE,TITAN,TITAN.BO
BSE,TITANBIO,TITANBIO.BO
BSE,TITANIN,TITANIN.BO
BSE,TITANSEC,TITANSEC.BO
BSE,TLL,TLL.BO
BSE,TMB,TMB.BO
BSE,TMCV,TMCV.BO
BSE,TMPV,TMPV.BO
BSE,TNPETRO,TNPETRO.BO
BSE,TNPL,TNPL.BO
BSE,TNSTLTU,TNSTLTU.BO
BSE,TNTELE,TNTELE.BO
BSE,TOKYOFIN,TOKYOFIN.BO
BSE,TOKYOPLAST,TOKYOPLAST.BO
BSE,TOLINS,TOLINS.BO
BSE,TOP100CASE,TOP100CASE.BO
BSE,TOP10ADD,TOP10ADD.BO
BSE,TOP15IETF,TOP15IETF.BO
BSE,TOP20,TOP20.BO
BSE,TORNTPHARM,TORNTPHARM.BO
BSE,TORNTPOWER,TORNTPOWER.BO
BSE,TOTEM,TOTEM.BO
BSE,TOYAMSL,TOYAMSL.BO
BSE,TPHQ,TPHQ.BO
BSE,TPINDIA,TPINDIA.BO
BSE,TPLPLASTEH,TPLPLASTEH.BO
BSE,TPROJECT,TPROJECT.BO
BSE,TRABI,TRABI.BO
BSE,TRACXN,TRACXN.BO
BSE,TRADEUNO,TRADEUNO.BO
BSE,TRADEWELL,TRADEWELL.BO
BSE,TRADWIN,TRADWIN.BO
BSE,TRANSCHEM,TRANSCHEM.BO
BSE,TRANSCOR,TRANSCOR.BO
BSE,TRANSFD,TRANSFD.BO
BSE,TRANSFRE,TRANSFRE.BO
BSE,TRANSPACT,TRANSPACT.BO
BSE,TRANSPEK,TRANSPEK.BO
BSE,TRANSRAILL,TRANSRAILL.BO
BSE,TRANSVOY,TRANSVOY.BO
BSE,TRANSWORLD,TRANSWORLD.BO
BSE,TRANWAY21,TRANWAY21.BO
BSE,TRAVELFOOD,TRAVELFOOD.BO
BSE,TRAVELS,TRAVELS.BO
BSE,TREEHOUSE,TREEHOUSE.BO
BSE,TREJHARA,TREJHARA.BO
BSE,TREL,TREL.BO
BSE,TRENT,TRENT.BO
BSE,TRESCON,TRESCON.BO
BSE,TRF,TRF.BO
BSE,TRICOMFRU,TRICOMFRU.BO
BSE,TRIDENT,TRIDENT.BO
BSE,TRIGYN,TRIGYN.BO
BSE,TRILIANCE,TRILIANCE.BO
BSE,TRINITYLEA,TRINITYLEA.BO
BSE,TRIOMERC,TRIOMERC.BO
BSE,TRISHAKT,TRISHAKT.BO
BSE,TRITONV,TRITONV.BO
BSE,TRITURBINE,TRITURBINE.BO
BSE,TRIUMPIN,TRIUMPIN.BO
BSE,TRIVENI,TRIVENI.BO
BSE,TRIVENIENT,TRIVENIENT.BO
BSE,TRIVENIGQ,TRIVENIGQ.BO
BSE,TRL,TRL.BO
BSE,TRU,TRU.BO
BSE,TRUALT,TRUALT.BO
BSE,TRUECOLORS,TRUECOLORS.BO
BSE,TRUEGREEN,TRUEGREEN.BO
BSE,TRUSTEDGE,TRUSTEDGE.BO
BSE,TRUSTWAVE,TRUSTWAVE.BO
BSE,TSIFRG,TSIFRG.BO
BSE,TSPIRITUAL,TSPIRITUAL.BO
BSE,TTC,TTC.BO
BSE,TTFL,TTFL.BO
BSE,TTGIL,TTGIL.BO
BSE,TTIENT,TTIENT.BO
BSE,TTKHLTCARE,TTKHLTCARE.BO
BSE,TTKPRESTIG,TTKPRESTIG.BO
BSE,TTL,TTL.BO
BSE,TTML,TTML.BO
BSE,TULASEEBIOE,TULASEEBIOE.BO
BSE,TULSYAN,TULSYAN.BO
BSE,TUNITEX,TUNITEX.BO
BSE,TURTLEMINT,TURTLEMINT.BO
BSE,TUSALDAH,TUSALDAH.BO
BSE,TUTIALKA,TUTIALKA.BO
BSE,TVOLCON,TVOLCON.BO
BSE,TVSELECT,TVSELECT.BO
BSE,TVSHLTD,TVSHLTD.BO
BSE,TVSMOTOR,TVSMOTOR.BO
BSE,TVSSCS,TVSSCS.BO
BSE,TVSSRICHAK,TVSSRICHAK.BO
BSE,TVTODAY,TVTODAY.BO
BSE,TVVISION,TVVISION.BO
BSE,TWCGOLDETF,TWCGOLDETF.BO
BSE,TWIROST,TWIROST.BO
BSE,TYCHE,TYCHE.BO
BSE,TYROON,TYROON.BO
BSE,UBL,UBL.BO
BSE,UCAL,UCAL.BO
BSE,UCIL,UCIL.BO
BSE,UCOBANK,UCOBANK.BO
BSE,UDAYJEW,UDAYJEW.BO
BSE,UDS,UDS.BO
BSE,UEL,UEL.BO
BSE,UFBL,UFBL.BO
BSE,UFLEX,UFLEX.BO
BSE,UFO,UFO.BO
BSE,UGARSUGAR,UGARSUGAR.BO
BSE,UGROCAP,UGROCAP.BO
BSE,UHMVL,UHMVL.BO
BSE,UHZAVERI,UHZAVERI.BO
BSE,UJJIVANSFB,UJJIVANSFB.BO
BSE,ULTRACAB,ULTRACAB.BO
BSE,ULTRACEMCO,ULTRACEMCO.BO
BSE,ULTRAMAR,ULTRAMAR.BO
BSE,UMAEXPORTS,UMAEXPORTS.BO
BSE,UMESLTD,UMESLTD.BO
BSE,UMIYA,UMIYA.BO
BSE,UMIYA-MRO,UMIYA-MRO.BO
BSE,UML,UML.BO
BSE,UNIABEXAL,UNIABEXAL.BO
BSE,UNIAUTO,UNIAUTO.BO
BSE,UNICHEMLAB,UNICHEMLAB.BO
BSE,UNICK,UNICK.BO
BSE,UNIDT,UNIDT.BO
BSE,UNIECOM,UNIECOM.BO
BSE,UNIENTER,UNIENTER.BO
BSE,UNIFIED,UNIFIED.BO
BSE,UNIMECH,UNIMECH.BO
BSE,UNIOFFICE,UNIOFFICE.BO
BSE,UNIONBANK,UNIONBANK.BO
BSE,UNIONGOLD,UNIONGOLD.BO
BSE,UNIPARTS,UNIPARTS.BO
BSE,UNIQUEO,UNIQUEO.BO
BSE,UNIROYAL,UNIROYAL.BO
BSE,UNISEM,UNISEM.BO
BSE,UNISHIRE,UNISHIRE.BO
BSE,UNISON,UNISON.BO
BSE,UNITDCR,UNITDCR.BO
BSE,UNITDSPR,UNITDSPR.BO
BSE,UNITECH,UNITECH.BO
BSE,UNITEDINT,UNITEDINT.BO
BSE,UNITEDPOLY,UNITEDPOLY.BO
BSE,UNITINT,UNITINT.BO
BSE,UNIVARTS,UNIVARTS.BO
BSE,UNIVCABLES,UNIVCABLES.BO
BSE,UNIVPHOTO,UNIVPHOTO.BO
BSE,UNIVSTAR,UNIVSTAR.BO
BSE,UNJHAFOR,UNJHAFOR.BO
BSE,UNOMINDA,UNOMINDA.BO
BSE,UNRYLMA,UNRYLMA.BO
BSE,UNTTEMI,UNTTEMI.BO
BSE,UPHOT,UPHOT.BO
BSE,UPL,UPL.BO
BSE,UPROTECH,UPROTECH.BO
BSE,UPSURGE,UPSURGE.BO
BSE,URAVIDEF,URAVIDEF.BO
BSE,URBANCO,URBANCO.BO
BSE,URJA,URJA.BO
BSE,URSUGAR,URSUGAR.BO
BSE,USGTECH,USGTECH.BO
BSE,USHAKIRA,USHAKIRA.BO
BSE,USHAMART,USHAMART.BO
BSE,USK,USK.BO
BSE,UTIAMC,UTIAMC.BO
BSE,UTIQUE,UTIQUE.BO
BSE,UTKARSHBNK,UTKARSHBNK.BO
BSE,UTLINDS,UTLINDS.BO
BSE,UTLSOLAR,UTLSOLAR.BO
BSE,UTTAMSUGAR,UTTAMSUGAR.BO
BSE,UVDRHOR,UVDRHOR.BO
BSE,UVS,UVS.BO
BSE,UYFINCORP,UYFINCORP.BO
BSE,V2RETAIL,V2RETAIL.BO
BSE,VAARAD,VAARAD.BO
BSE,VADILALIND,VADILALIND.BO
BSE,VADILENT,VADILENT.BO
BSE,VAHH,VAHH.BO
BSE,VAIBHAVGBL,VAIBHAVGBL.BO
BSE,VAICC,VAICC.BO
BSE,VAKRANGEE,VAKRANGEE.BO
BSE,VAL30IETF,VAL30IETF.BO
BSE,VALENCIA,VALENCIA.BO
BSE,VALIANT,VALIANT.BO
BSE,VALIANTLAB,VALIANTLAB.BO
BSE,VALIANTORG,VALIANTORG.BO
BSE,VALINDIA,VALINDIA.BO
BSE,VALLABHSQ,VALLABHSQ.BO
BSE,VALPLAST,VALPLAST.BO
BSE,VALSONQ,VALSONQ.BO
BSE,VALUE,VALUE.BO
BSE,VALUEAXIS,VALUEAXIS.BO
BSE,VAMA,VAMA.BO
BSE,VAMAWOVEN,VAMAWOVEN.BO
BSE,VAML,VAML.BO
BSE,VAMSHIRU,VAMSHIRU.BO
BSE,VANDAN,VANDAN.BO
BSE,VANDU,VANDU.BO
BSE,VANICOM,VANICOM.BO
BSE,VANTABIO,VANTABIO.BO
BSE,VAPIENTER,VAPIENTER.BO
BSE,VARDHANCFL,VARDHANCFL.BO
BSE,VARDMNPOLY,VARDMNPOLY.BO
BSE,VARIMAN,VARIMAN.BO
BSE,VARROC,VARROC.BO
BSE,VARYAA,VARYAA.BO
BSE,VASCONEQ,VASCONEQ.BO
BSE,VASHISHTHA,VASHISHTHA.BO
BSE,VASINFRA,VASINFRA.BO
BSE,VASUPRADA,VASUPRADA.BO
BSE,VASWANI,VASWANI.BO
BSE,VBDESAI,VBDESAI.BO
BSE,VBIND,VBIND.BO
BSE,VBL,VBL.BO
BSE,VCU,VCU.BO
BSE,VEDANTASSET,VEDANTASSET.BO
BSE,VEDAVAAG,VEDAVAAG.BO
BSE,VEDL,VEDL.BO
BSE,VEDPOWER,VEDPOWER.BO
BSE,VEEDOL,VEEDOL.BO
BSE,VEEFIN,VEEFIN.BO
BSE,VEEGALAND,VEEGALAND.BO
BSE,VEERENRGY,VEERENRGY.BO
BSE,VEERHEALTH,VEERHEALTH.BO
BSE,VEERKRUPA,VEERKRUPA.BO
BSE,VEGA,VEGA.BO
BSE,VEL,VEL.BO
BSE,VELHO,VELHO.BO
BSE,VELJAN,VELJAN.BO
BSE,VELLORA,VELLORA.BO
BSE,VENKEYS,VENKEYS.BO
BSE,VENLONENT,VENLONENT.BO
BSE,VENMAX,VENMAX.BO
BSE,VENTIVE,VENTIVE.BO
BSE,VENTURA,VENTURA.BO
BSE,VENUSPIPES,VENUSPIPES.BO
BSE,VENUSREM,VENUSREM.BO
BSE,VERANDA,VERANDA.BO
BSE,VERITAS,VERITAS.BO
BSE,VERTEX,VERTEX.BO
BSE,VESUVIUS,VESUVIUS.BO
BSE,VETO,VETO.BO
BSE,VGCL,VGCL.BO
BSE,VGIL,VGIL.BO
BSE,VGL,VGL.BO
BSE,VGUARD,VGUARD.BO
BSE,VHL,VHL.BO
BSE,VHLTD,VHLTD.BO
BSE,VICTMILL,VICTMILL.BO
BSE,VIDHIING,VIDHIING.BO
BSE,VIDYAWIRES,VIDYAWIRES.BO
BSE,VIJAYA,VIJAYA.BO
BSE,VIJIFIN,VIJIFIN.BO
BSE,VIJSOLX,VIJSOLX.BO
BSE,VIKALPS,VIKALPS.BO
BSE,VIKASECO,VIKASECO.BO
BSE,VIKASLIFE,VIKASLIFE.BO
BSE,VIKASPROP,VIKASPROP.BO
BSE,VIKASWSP,VIKASWSP.BO
BSE,VIKRAMAR,VIKRAMAR.BO
BSE,VIKRAMSOLR,VIKRAMSOLR.BO
BSE,VIKRAMTH,VIKRAMTH.BO
BSE,VIKRAN,VIKRAN.BO
BSE,VIKSHEN,VIKSHEN.BO
BSE,VIMTALABS,VIMTALABS.BO
BSE,VINATIORGA,VINATIORGA.BO
BSE,VINAYAKPOL,VINAYAKPOL.BO
BSE,VINCOFE,VINCOFE.BO
BSE,VINDHYATEL,VINDHYATEL.BO
BSE,VINEETLAB,VINEETLAB.BO
BSE,VINNY,VINNY.BO
BSE,VINRKLB,VINRKLB.BO
BSE,VINTAGES,VINTAGES.BO
BSE,VINYLINDIA,VINYLINDIA.BO
BSE,VINYOFL,VINYOFL.BO
BSE,VIPCLOTHNG,VIPCLOTHNG.BO
BSE,VIPIND,VIPIND.BO
BSE,VIPPYSP,VIPPYSP.BO
BSE,VIPULLTD,VIPULLTD.BO
BSE,VIPULORG,VIPULORG.BO
BSE,VIRAT,VIRAT.BO
BSE,VIRATCRA,VIRATCRA.BO
BSE,VIRGOGLOB,VIRGOGLOB.BO
BSE,VIRINCHI,VIRINCHI.BO
BSE,VIRTUALG,VIRTUALG.BO
BSE,VIRYA,VIRYA.BO
BSE,VISACHROME,VISACHROME.BO
BSE,VISAGAR,VISAGAR.BO
BSE,VISAKAIND,VISAKAIND.BO
BSE,VISHAL,VISHAL.BO
BSE,VISHALBL,VISHALBL.BO
BSE,VISHNU,VISHNU.BO
BSE,VISHWARAJ,VISHWARAJ.BO
BSE,VISIONCINE,VISIONCINE.BO
BSE,VISIONCO,VISIONCO.BO
BSE,VISL,VISL.BO
BSE,VISTAPH,VISTAPH.BO
BSE,VISTARAMAR,VISTARAMAR.BO
BSE,VISVEN,VISVEN.BO
BSE,VIVAA,VIVAA.BO
BSE,VIVANTA,VIVANTA.BO
BSE,VIVANZA,VIVANZA.BO
BSE,VIVIDHA,VIVIDHA.BO
BSE,VIVIDIND,VIVIDIND.BO
BSE,VIVIDM,VIVIDM.BO
BSE,VIVIMEDLAB,VIVIMEDLAB.BO
BSE,VIVOBIOT,VIVOBIOT.BO
BSE,VIYASH,VIYASH.BO
BSE,VJLAXMIE,VJLAXMIE.BO
BSE,VJTFEDU,VJTFEDU.BO
BSE,VKAL,VKAL.BO
BSE,VKGLOBAL,VKGLOBAL.BO
BSE,VLEGOV,VLEGOV.BO
BSE,VLL,VLL.BO
BSE,VLSFINANCE,VLSFINANCE.BO
BSE,VMART,VMART.BO
BSE,VMM,VMM.BO
BSE,VMS,VMS.BO
BSE,VMSTMT,VMSTMT.BO
BSE,VOEPL,VOEPL.BO
BSE,VOGL,VOGL.BO
BSE,VOITHPAPR,VOITHPAPR.BO
BSE,VOLKAI,VOLKAI.BO
BSE,VOLLF,VOLLF.BO
BSE,VOLTAMP,VOLTAMP.BO
BSE,VOLTAS,VOLTAS.BO
BSE,VPAL,VPAL.BO
BSE,VPL,VPL.BO
BSE,VPRPL,VPRPL.BO
BSE,VRAJ,VRAJ.BO
BSE,VRFILMS,VRFILMS.BO
BSE,VRL,VRL.BO
BSE,VRLLOG,VRLLOG.BO
BSE,VRUDDHI,VRUDDHI.BO
BSE,VSFPROJ,VSFPROJ.BO
BSE,VSL,VSL.BO
BSE,VSSL,VSSL.BO
BSE,VSTIND,VSTIND.BO
BSE,VSTL,VSTL.BO
BSE,VSTTILLERS,VSTTILLERS.BO
BSE,VTL,VTL.BO
BSE,VTMLTD,VTMLTD.BO
BSE,VVIPIL,VVIPIL.BO
BSE,VXLINSTR,VXLINSTR.BO
BSE,WAA,WAA.BO
BSE,WAAREE,WAAREE.BO
BSE,WAAREEENER,WAAREEENER.BO
BSE,WAAREEINDO,WAAREEINDO.BO
BSE,WAAREERTL,WAAREERTL.BO
BSE,WABAG,WABAG.BO
BSE,WAGEND,WAGEND.BO
BSE,WAKEFIT,WAKEFIT.BO
BSE,WALCHANNAG,WALCHANNAG.BO
BSE,WALCHPF,WALCHPF.BO
BSE,WALLFORT,WALLFORT.BO
BSE,WANBURY,WANBURY.BO
BSE,WARDHEALTH,WARDHEALTH.BO
BSE,WARDINMOBI,WARDINMOBI.BO
BSE,WARDWIZFBL,WARDWIZFBL.BO
BSE,WARRENTEA,WARRENTEA.BO
BSE,WATERBASE,WATERBASE.BO
BSE,WCIL,WCIL.BO
BSE,WEALTH,WEALTH.BO
BSE,WEBELSOLAR,WEBELSOLAR.BO
BSE,WEIZMANIND,WEIZMANIND.BO
BSE,WEL,WEL.BO
BSE,WELCORP,WELCORP.BO
BSE,WELCURE,WELCURE.BO
BSE,WELENT,WELENT.BO
BSE,WELINV,WELINV.BO
BSE,WELSPLSOL,WELSPLSOL.BO
BSE,WELSPUNLIV,WELSPUNLIV.BO
BSE,WELTI,WELTI.BO
BSE,WENDT,WENDT.BO
BSE,WEPSOLN,WEPSOLN.BO
BSE,WESTLEIRES,WESTLEIRES.BO
BSE,WESTLIFE,WESTLIFE.BO
BSE,WEWIN,WEWIN.BO
BSE,WEWORK,WEWORK.BO
BSE,WHBRADY,WHBRADY.BO
BSE,WHEELS,WHEELS.BO
BSE,WHIRLPOOL,WHIRLPOOL.BO
BSE,WHITEORG,WHITEORG.BO
BSE,WILLAMAGOR,WILLAMAGOR.BO
BSE,WILLIMFI,WILLIMFI.BO
BSE,WINDLAS,WINDLAS.BO
BSE,WINDMACHIN,WINDMACHIN.BO
BSE,WINSOMBR,WINSOMBR.BO
BSE,WINSOMTX,WINSOMTX.BO
BSE,WIPRO,WIPRO.BO
BSE,WIREFABR,WIREFABR.BO
BSE,WITS,WITS.BO
BSE,WMINIMT,WMINIMT.BO
BSE,WOCKPHARMA,WOCKPHARMA.BO
BSE,WOMENNET,WOMENNET.BO
BSE,WONDERLA,WONDERLA.BO
BSE,WOODSVILA,WOODSVILA.BO
BSE,WORKMATES,WORKMATES.BO
BSE,WORTH,WORTH.BO
BSE,WORTHPERI,WORTHPERI.BO
BSE,WOSAL,WOSAL.BO
BSE,WPIL,WPIL.BO
BSE,WSFX,WSFX.BO
BSE,WSI,WSI.BO
BSE,WSTCSTPAPR,WSTCSTPAPR.BO
BSE,WWALUM,WWALUM.BO
BSE,XCHANGING,XCHANGING.BO
BSE,XELPMOC,XELPMOC.BO
BSE,XPROINDIA,XPROINDIA.BO
BSE,XTGLOBAL,XTGLOBAL.BO
BSE,XTRANET,XTRANET.BO
BSE,YAANENT,YAANENT.BO
BSE,YAASHVI,YAASHVI.BO
BSE,YAJUR,YAJUR.BO
BSE,YAMNINV,YAMNINV.BO
BSE,YARNSYN,YARNSYN.BO
BSE,YASHCHEM,YASHCHEM.BO
BSE,YASHHTEJ,YASHHTEJ.BO
BSE,YASHHV,YASHHV.BO
BSE,YASHINNO,YASHINNO.BO
BSE,YASHMGM,YASHMGM.BO
BSE,YASHO,YASHO.BO
BSE,YASHRAJC,YASHRAJC.BO
BSE,YATHARTH,YATHARTH.BO
BSE,YATRA,YATRA.BO
BSE,YESBANK,YESBANK.BO
BSE,YOGI,YOGI.BO
BSE,YOGISUNG,YOGISUNG.BO
BSE,YORKEXP,YORKEXP.BO
BSE,YSL,YSL.BO
BSE,YUG,YUG.BO
BSE,YUKEN,YUKEN.BO
BSE,YUNIKM,YUNIKM.BO
BSE,YURANUS,YURANUS.BO
BSE,YUVRAAJHPL,YUVRAAJHPL.BO
BSE,ZAGGLE,ZAGGLE.BO
BSE,ZAPPFRESH,ZAPPFRESH.BO
BSE,ZBINTXPP,ZBINTXPP.BO
BSE,ZDHJERK,ZDHJERK.BO
BSE,ZEAL,ZEAL.BO
BSE,ZEEL,ZEEL.BO
BSE,ZEELEARN,ZEELEARN.BO
BSE,ZEEMEDIA,ZEEMEDIA.BO
BSE,ZELIO,ZELIO.BO
BSE,ZENIFIB,ZENIFIB.BO
BSE,ZENITHEXPO,ZENITHEXPO.BO
BSE,ZENITHHE,ZENITHHE.BO
BSE,ZENITHSTL,ZENITHSTL.BO
BSE,ZENLABS,ZENLABS.BO
BSE,ZENOTECH,ZENOTECH.BO
BSE,ZENSARTECH,ZENSARTECH.BO
BSE,ZENTEC,ZENTEC.BO
BSE,ZFCVINDIA,ZFCVINDIA.BO
BSE,ZFSTEERING,ZFSTEERING.BO
BSE,ZGAEKWAR,ZGAEKWAR.BO
BSE,ZGOLDINV,ZGOLDINV.BO
BSE,ZHEMHOLD,ZHEMHOLD.BO
BSE,ZIMLAB,ZIMLAB.BO
BSE,ZINEMA,ZINEMA.BO
BSE,ZJEETMAC,ZJEETMAC.BO
BSE,ZKOVALIN,ZKOVALIN.BO
BSE,ZMILGFIN,ZMILGFIN.BO
BSE,ZMULTIPU,ZMULTIPU.BO
BSE,ZODIAC,ZODIAC.BO
BSE,ZODIACLOTH,ZODIACLOTH.BO
BSE,ZODIACVEN,ZODIACVEN.BO
BSE,ZODJRDMKJ,ZODJRDMKJ.BO
BSE,ZR2,ZR2.BO
BSE,ZSARACOM,ZSARACOM.BO
BSE,ZSATYASL,ZSATYASL.BO
BSE,ZSOUTGAS,ZSOUTGAS.BO
BSE,ZSVARAJT,ZSVARAJT.BO
BSE,ZUARI,ZUARI.BO
BSE,ZUARIIND,ZUARIIND.BO
BSE,ZWELCAST,ZWELCAST.BO
BSE,ZYDUSLIFE,ZYDUSLIFE.BO
BSE,ZYDUSWELL,ZYDUSWELL.BO
NSE,011NSETEST-EQ,011NSETEST.NS
NSE,021NSETEST-EQ,021NSETEST.NS
NSE,031NSETEST-EQ,031NSETEST.NS
NSE,041NSETEST-EQ,041NSETEST.NS
NSE,051NSETEST-EQ,051NSETEST.NS
NSE,061NSETEST-EQ,061NSETEST.NS
NSE,071NSETEST-EQ,071NSETEST.NS
NSE,081NSETEST-EQ,081NSETEST.NS
NSE,091NSETEST-EQ,091NSETEST.NS
NSE,101NSETEST-EQ,101NSETEST.NS
NSE,111NSETEST-EQ,111NSETEST.NS
NSE,11NSETEST-EQ,11NSETEST.NS
NSE,121NSETEST-EQ,121NSETEST.NS
NSE,131NSETEST-EQ,131NSETEST.NS
NSE,141NSETEST-EQ,141NSETEST.NS
NSE,151NSETEST-EQ,151NSETEST.NS
NSE,161NSETEST-EQ,161NSETEST.NS
NSE,171NSETEST-EQ,171NSETEST.NS
NSE,181NSETEST-EQ,181NSETEST.NS
NSE,20MICRONS-EQ,20MICRONS.NS
NSE,21STCENMGM-EQ,21STCENMGM.NS
NSE,360ONE-EQ,360ONE.NS
NSE,3BBLACKBIO-EQ,3BBLACKBIO.NS
NSE,3MINDIA-EQ,3MINDIA.NS
NSE,3PLAND-EQ,3PLAND.NS
NSE,5PAISA-EQ,5PAISA.NS
NSE,63MOONS-EQ,63MOONS.NS
NSE,A2ZINFRA-EQ,A2ZINFRA.NS
NSE,AAATECH-EQ,AAATECH.NS
NSE,AADHARHFC-EQ,AADHARHFC.NS
NSE,AAKASH-EQ,AAKASH.NS
NSE,AAREYDRUGS-EQ,AAREYDRUGS.NS
NSE,AARON-EQ,AARON.NS
NSE,AARTIDRUGS-EQ,AARTIDRUGS.NS
NSE,AARTIIND-EQ,AARTIIND.NS
NSE,AARTIPHARM-EQ,AARTIPHARM.NS
NSE,AARVI-EQ,AARVI.NS
NSE,AASTHA-EQ,AASTHA.NS
NSE,AAVAS-EQ,AAVAS.NS
NSE,ABANSENT-EQ,ABANSENT.NS
NSE,ABB-EQ,ABB.NS
NSE,ABBOTINDIA-EQ,ABBOTINDIA.NS
NSE,ABCAPITAL-EQ,ABCAPITAL.NS
NSE,ABCOTS-EQ,ABCOTS.NS
NSE,ABDL-EQ,ABDL.NS
NSE,ABFRL-EQ,ABFRL.NS
NSE,ABGSEC-EQ,ABGSEC.NS
NSE,ABLBL-EQ,ABLBL.NS
NSE,ABMKNO-EQ,ABMKNO.NS
NSE,ABREL-EQ,ABREL.NS
NSE,ABSL10BANK-EQ,ABSL10BANK.NS
NSE,ABSLAMC-EQ,ABSLAMC.NS
NSE,ABSLBANETF-EQ,ABSLBANETF.NS
NSE,ABSLLIQUID-EQ,ABSLLIQUID.NS
NSE,ABSLMSCIN-EQ,ABSLMSCIN.NS
NSE,ABSLNN50ET-EQ,ABSLNN50ET.NS
NSE,ABSLPSE-EQ,ABSLPSE.NS
NSE,ACC-EQ,ACC.NS
NSE,ACCELYA-EQ,ACCELYA.NS
NSE,ACE-EQ,ACE.NS
NSE,ACEINTEG-EQ,ACEINTEG.NS
NSE,ACGL-EQ,ACGL.NS
NSE,ACI-EQ,ACI.NS
NSE,ACL-EQ,ACL.NS
NSE,ACMESOLAR-EQ,ACMESOLAR.NS
NSE,ACUTAAS-EQ,ACUTAAS.NS
NSE,ADANIENSOL-EQ,ADANIENSOL.NS
NSE,ADANIENT-EQ,ADANIENT.NS
NSE,ADANIGREEN-EQ,ADANIGREEN.NS
NSE,ADANIPORTS-EQ,ADANIPORTS.NS
NSE,ADANIPOWER-EQ,ADANIPOWER.NS
NSE,ADDIND-EQ,ADDIND.NS
NSE,ADFFOODS-EQ,ADFFOODS.NS
NSE,ADL-EQ,ADL.NS
NSE,ADOR-EQ,ADOR.NS
NSE,ADROITINFO-EQ,ADROITINFO.NS
NSE,ADSL-EQ,ADSL.NS
NSE,ADVAIT-EQ,ADVAIT.NS
NSE,ADVANCE-EQ,ADVANCE.NS
NSE,ADVANIHOTR-EQ,ADVANIHOTR.NS
NSE,ADVENTHTL-EQ,ADVENTHTL.NS
NSE,ADVENZYMES-EQ,ADVENZYMES.NS
NSE,ADVIKCA-EQ,ADVIKCA.NS
NSE,AEGISLOG-EQ,AEGISLOG.NS
NSE,AEGISVOPAK-EQ,AEGISVOPAK.NS
NSE,AEPL-EQ,AEPL.NS
NSE,AEQUS-EQ,AEQUS.NS
NSE,AEROENTER-EQ,AEROENTER.NS
NSE,AEROFLEX-EQ,AEROFLEX.NS
NSE,AERONEU-EQ,AERONEU.NS
NSE,AEROPLANE-EQ,AEROPLANE.NS
NSE,AETHER-EQ,AETHER.NS
NSE,AFCONS-EQ,AFCONS.NS
NSE,AFFLE-EQ,AFFLE.NS
NSE,AFFORDABLE-EQ,AFFORDABLE.NS
NSE,AFIL-EQ,AFIL.NS
NSE,AFSL-EQ,AFSL.NS
NSE,AGARIND-EQ,AGARIND.NS
NSE,AGARWALEYE-EQ,AGARWALEYE.NS
NSE,AGI-EQ,AGI.NS
NSE,AGIIL-EQ,AGIIL.NS
NSE,AGL-EQ,AGL.NS
NSE,AGRITECH-EQ,AGRITECH.NS
NSE,AGROPHOS-EQ,AGROPHOS.NS
NSE,AHCL-EQ,AHCL.NS
NSE,AHLADA-EQ,AHLADA.NS
NSE,AHLEAST-EQ,AHLEAST.NS
NSE,AHLUCONT-EQ,AHLUCONT.NS
NSE,AIAENG-EQ,AIAENG.NS
NSE,AIIL-EQ,AIIL.NS
NSE,AIRAN-EQ,AIRAN.NS
NSE,AIROLAM-EQ,AIROLAM.NS
NSE,AJANTPHARM-EQ,AJANTPHARM.NS
NSE,AJAXENGG-EQ,AJAXENGG.NS
NSE,AJMERA-EQ,AJMERA.NS
NSE,AJOONI-EQ,AJOONI.NS
NSE,AKASH-EQ,AKASH.NS
NSE,AKCAPIT-EQ,AKCAPIT.NS
NSE,AKG-EQ,AKG.NS
NSE,AKSHAR-EQ,AKSHAR.NS
NSE,AKUMS-EQ,AKUMS.NS
NSE,ALANKIT-EQ,ALANKIT.NS
NSE,ALBERTDAVD-EQ,ALBERTDAVD.NS
NSE,ALEMBICLTD-EQ,ALEMBICLTD.NS
NSE,ALFREDHE-EQ,ALFREDHE.NS
NSE,ALGOQUANT-EQ,ALGOQUANT.NS
NSE,ALICON-EQ,ALICON.NS
NSE,ALIVUS-EQ,ALIVUS.NS
NSE,ALKALI-EQ,ALKALI.NS
NSE,ALKEM-EQ,ALKEM.NS
NSE,ALKYLAMINE-EQ,ALKYLAMINE.NS
NSE,ALLCARGO-EQ,ALLCARGO.NS
NSE,ALLDIGI-EQ,ALLDIGI.NS
NSE,ALLTIME-EQ,ALLTIME.NS
NSE,ALMONDZ-EQ,ALMONDZ.NS
NSE,ALOKINDS-EQ,ALOKINDS.NS
NSE,ALPA-EQ,ALPA.NS
NSE,ALPHA-EQ,ALPHA.NS
NSE,ALPHAETF-EQ,ALPHAETF.NS
NSE,ALPINETEX-EQ,ALPINETEX.NS
NSE,ALPL30IETF-EQ,ALPL30IETF.NS
NSE,ALUFLUOR-EQ,ALUFLUOR.NS
NSE,AMAGI-EQ,AMAGI.NS
NSE,AMAL-EQ,AMAL.NS
NSE,AMARJOTHI-EQ,AMARJOTHI.NS
NSE,AMBER-EQ,AMBER.NS
NSE,AMBICAAGAR-EQ,AMBICAAGAR.NS
NSE,AMBIKCO-EQ,AMBIKCO.NS
NSE,AMBUJACEM-EQ,AMBUJACEM.NS
NSE,AMJLAND-EQ,AMJLAND.NS
NSE,AMNPLST-EQ,AMNPLST.NS
NSE,AMRUTANJAN-EQ,AMRUTANJAN.NS
NSE,ANANDRATHI-EQ,ANANDRATHI.NS
NSE,ANANTRAJ-EQ,ANANTRAJ.NS
NSE,ANDHRAPAP-EQ,ANDHRAPAP.NS
NSE,ANDHRSUGAR-EQ,ANDHRSUGAR.NS
NSE,ANDREWYU-EQ,ANDREWYU.NS
NSE,ANGELONE-EQ,ANGELONE.NS
NSE,ANIKINDS-EQ,ANIKINDS.NS
NSE,ANNAPURNA-EQ,ANNAPURNA.NS
NSE,ANNU-EQ,ANNU.NS
NSE,ANSALBU-EQ,ANSALBU.NS
NSE,ANTELOPUS-EQ,ANTELOPUS.NS
NSE,ANTGRAPHIC-EQ,ANTGRAPHIC.NS
NSE,ANTHEM-EQ,ANTHEM.NS
NSE,ANUHPHR-EQ,ANUHPHR.NS
NSE,ANUP-EQ,ANUP.NS
NSE,ANURAS-EQ,ANURAS.NS
NSE,AONEGOLD-EQ,AONEGOLD.NS
NSE,AONELIQUID-EQ,AONELIQUID.NS
NSE,AONENIFTY-EQ,AONENIFTY.NS
NSE,AONESILVER-EQ,AONESILVER.NS
NSE,AONETMMQ50-EQ,AONETMMQ50.NS
NSE,AONETOTAL-EQ,AONETOTAL.NS
NSE,APARINDS-EQ,APARINDS.NS
NSE,APCL-EQ,APCL.NS
NSE,APCOTEXIND-EQ,APCOTEXIND.NS
NSE,APEX-EQ,APEX.NS
NSE,APLAPOLLO-EQ,APLAPOLLO.NS
NSE,APLLTD-EQ,APLLTD.NS
NSE,APOLLO-EQ,APOLLO.NS
NSE,APOLLOHOSP-EQ,APOLLOHOSP.NS
NSE,APOLLOPIPE-EQ,APOLLOPIPE.NS
NSE,APOLLOTYRE-EQ,APOLLOTYRE.NS
NSE,APOLSINHOT-EQ,APOLSINHOT.NS
NSE,APOORVA-EQ,APOORVA.NS
NSE,APTECHT-EQ,APTECHT.NS
NSE,APTUS-EQ,APTUS.NS
NSE,AQYLON-EQ,AQYLON.NS
NSE,ARCHIDPLY-EQ,ARCHIDPLY.NS
NSE,ARCHIES-EQ,ARCHIES.NS
NSE,ARCIL-EQ,ARCIL.NS
NSE,ARCL-EQ,ARCL.NS
NSE,ARDEE-EQ,ARDEE.NS
NSE,ARE&M-EQ,ARE&M.NS
NSE,ARENTERP-EQ,ARENTERP.NS
NSE,ARFIN-EQ,ARFIN.NS
NSE,ARIHANT-EQ,ARIHANT.NS
NSE,ARIHANTCAP-EQ,ARIHANTCAP.NS
NSE,ARIHANTSUP-EQ,ARIHANTSUP.NS
NSE,ARIS-EQ,ARIS.NS
NSE,ARKADE-EQ,ARKADE.NS
NSE,ARMANFIN-EQ,ARMANFIN.NS
NSE,AROGRANITE-EQ,AROGRANITE.NS
NSE,ARROWGREEN-EQ,ARROWGREEN.NS
NSE,ARSSBL-EQ,ARSSBL.NS
NSE,ARTEMISMED-EQ,ARTEMISMED.NS
NSE,ARTNIRMAN-EQ,ARTNIRMAN.NS
NSE,ARVEE-EQ,ARVEE.NS
NSE,ARVIND-EQ,ARVIND.NS
NSE,ARVINDFASN-EQ,ARVINDFASN.NS
NSE,ARVSMART-EQ,ARVSMART.NS
NSE,ARYAMAN-EQ,ARYAMAN.NS
NSE,ASAHIINDIA-EQ,ASAHIINDIA.NS
NSE,ASAL-EQ,ASAL.NS
NSE,ASALCBR-EQ,ASALCBR.NS
NSE,ASHAPURMIN-EQ,ASHAPURMIN.NS
NSE,ASHIANA-EQ,ASHIANA.NS
NSE,ASHIMASYN-EQ,ASHIMASYN.NS
NSE,ASHOKA-EQ,ASHOKA.NS
NSE,ASHOKAMET-EQ,ASHOKAMET.NS
NSE,ASHOKLEY-EQ,ASHOKLEY.NS
NSE,ASIANENE-EQ,ASIANENE.NS
NSE,ASIANHOTNR-EQ,ASIANHOTNR.NS
NSE,ASIANPAINT-EQ,ASIANPAINT.NS
NSE,ASIANTILES-EQ,ASIANTILES.NS
NSE,ASIANTNE-EQ,ASIANTNE.NS
NSE,ASKAUTOLTD-EQ,ASKAUTOLTD.NS
NSE,ASMS-EQ,ASMS.NS
NSE,ASPINWALL-EQ,ASPINWALL.NS
NSE,ASSAMENT-EQ,ASSAMENT.NS
NSE,ASTAR-EQ,ASTAR.NS
NSE,ASTEC-EQ,ASTEC.NS
NSE,ASTERDM-EQ,ASTERDM.NS
NSE,ASTRAL-EQ,ASTRAL.NS
NSE,ASTRAMICRO-EQ,ASTRAMICRO.NS
NSE,ASTRAZEN-EQ,ASTRAZEN.NS
NSE,ATALREAL-EQ,ATALREAL.NS
NSE,ATAM-EQ,ATAM.NS
NSE,ATGL-EQ,ATGL.NS
NSE,ATHERENERG-EQ,ATHERENERG.NS
NSE,ATL-EQ,ATL.NS
NSE,ATLANTAA-EQ,ATLANTAA.NS
NSE,ATLANTAELE-EQ,ATLANTAELE.NS
NSE,ATLASCYCLE-EQ,ATLASCYCLE.NS
NSE,ATUL-EQ,ATUL.NS
NSE,ATULAUTO-EQ,ATULAUTO.NS
NSE,AUBANK-EQ,AUBANK.NS
NSE,AUGMONT-EQ,AUGMONT.NS
NSE,AURIONPRO-EQ,AURIONPRO.NS
NSE,AUROPHARMA-EQ,AUROPHARMA.NS
NSE,AURUM-EQ,AURUM.NS
NSE,AURUS-EQ,AURUS.NS
NSE,AUSOMENT-EQ,AUSOMENT.NS
NSE,AUSTENG-EQ,AUSTENG.NS
NSE,AUTOAXLES-EQ,AUTOAXLES.NS
NSE,AUTOBEES-EQ,AUTOBEES.NS
NSE,AUTOIETF-EQ,AUTOIETF.NS
NSE,AUTOIND-EQ,AUTOIND.NS
NSE,AVADHSUGAR-EQ,AVADHSUGAR.NS
NSE,AVALON-EQ,AVALON.NS
NSE,AVANCE-EQ,AVANCE.NS
NSE,AVANTEL-EQ,AVANTEL.NS
NSE,AVANTIFEED-EQ,AVANTIFEED.NS
NSE,AVL-EQ,AVL.NS
NSE,AVONMORE-EQ,AVONMORE.NS
NSE,AVROIND-EQ,AVROIND.NS
NSE,AVTNPL-EQ,AVTNPL.NS
NSE,AWFIS-EQ,AWFIS.NS
NSE,AWHCL-EQ,AWHCL.NS
NSE,AWL-EQ,AWL.NS
NSE,AXISBANK-EQ,AXISBANK.NS
NSE,AXISCADES-EQ,AXISCADES.NS
NSE,AXITA-EQ,AXITA.NS
NSE,AXTEL-EQ,AXTEL.NS
NSE,AYE-EQ,AYE.NS
NSE,AYMSYNTEX-EQ,AYMSYNTEX.NS
NSE,AZAD-EQ,AZAD.NS
NSE,AZADIND-EQ,AZADIND.NS
NSE,BAGFILMS-EQ,BAGFILMS.NS
NSE,BAIDFIN-EQ,BAIDFIN.NS
NSE,BAJAJ-AUTO-EQ,BAJAJ-AUTO.NS
NSE,BAJAJCON-EQ,BAJAJCON.NS
NSE,BAJAJELEC-EQ,BAJAJELEC.NS
NSE,BAJAJFINSV-EQ,BAJAJFINSV.NS
NSE,BAJAJHCARE-EQ,BAJAJHCARE.NS
NSE,BAJAJHFL-EQ,BAJAJHFL.NS
NSE,BAJAJHIND-EQ,BAJAJHIND.NS
NSE,BAJAJHLDNG-EQ,BAJAJHLDNG.NS
NSE,BAJAJINDEF-EQ,BAJAJINDEF.NS
NSE,BAJAJST-EQ,BAJAJST.NS
NSE,BAJEL-EQ,BAJEL.NS
NSE,BAJFINANCE-EQ,BAJFINANCE.NS
NSE,BALAJEE-EQ,BALAJEE.NS
NSE,BALAJITELE-EQ,BALAJITELE.NS
NSE,BALAMINES-EQ,BALAMINES.NS
NSE,BALAXI-EQ,BALAXI.NS
NSE,BALKRISHNA-EQ,BALKRISHNA.NS
NSE,BALKRISIND-EQ,BALKRISIND.NS
NSE,BALMLAWRIE-EQ,BALMLAWRIE.NS
NSE,BALPHARMA-EQ,BALPHARMA.NS
NSE,BALRAMCHIN-EQ,BALRAMCHIN.NS
NSE,BALUFORGE-EQ,BALUFORGE.NS
NSE,BANARBEADS-EQ,BANARBEADS.NS
NSE,BANARISUG-EQ,BANARISUG.NS
NSE,BANCOINDIA-EQ,BANCOINDIA.NS
NSE,BANDHANBNK-EQ,BANDHANBNK.NS
NSE,BANG-EQ,BANG.NS
NSE,BANK10ADD-EQ,BANK10ADD.NS
NSE,BANK10BETF-EQ,BANK10BETF.NS
NSE,BANKA-EQ,BANKA.NS
NSE,BANKADD-EQ,BANKADD.NS
NSE,BANKBARODA-EQ,BANKBARODA.NS
NSE,BANKBEES-EQ,BANKBEES.NS
NSE,BANKBETA-EQ,BANKBETA.NS
NSE,BANKBETF-EQ,BANKBETF.NS
NSE,BANKETF-EQ,BANKETF.NS
NSE,BANKIETF-EQ,BANKIETF.NS
NSE,BANKINDIA-EQ,BANKINDIA.NS
NSE,BANKNIFTY1-EQ,BANKNIFTY1.NS
NSE,BANKPSU-EQ,BANKPSU.NS
NSE,BANSALWIRE-EQ,BANSALWIRE.NS
NSE,BANSWRAS-EQ,BANSWRAS.NS
NSE,BASF-EQ,BASF.NS
NSE,BATAINDIA-EQ,BATAINDIA.NS
NSE,BATLIBOI-EQ,BATLIBOI.NS
NSE,BAYERCROP-EQ,BAYERCROP.NS
NSE,BBETF0432-EQ,BBETF0432.NS
NSE,BBL-EQ,BBL.NS
NSE,BBNPNBETF-EQ,BBNPNBETF.NS
NSE,BBNPPGOLD-EQ,BBNPPGOLD.NS
NSE,BBOX-EQ,BBOX.NS
NSE,BBTC-EQ,BBTC.NS
NSE,BBTCL-EQ,BBTCL.NS
NSE,BCG-EQ,BCG.NS
NSE,BCLIND-EQ,BCLIND.NS
NSE,BCONCEPTS-EQ,BCONCEPTS.NS
NSE,BCPL-EQ,BCPL.NS
NSE,BDL-EQ,BDL.NS
NSE,BEARDSELL-EQ,BEARDSELL.NS
NSE,BECTORFOOD-EQ,BECTORFOOD.NS
NSE,BEDMUTHA-EQ,BEDMUTHA.NS
NSE,BEEKAY-EQ,BEEKAY.NS
NSE,BEL-EQ,BEL.NS
NSE,BELLACASA-EQ,BELLACASA.NS
NSE,BELRISE-EQ,BELRISE.NS
NSE,BEML-EQ,BEML.NS
NSE,BENARAS-EQ,BENARAS.NS
NSE,BENGALASM-EQ,BENGALASM.NS
NSE,BEPL-EQ,BEPL.NS
NSE,BERGEPAINT-EQ,BERGEPAINT.NS
NSE,BESTAGRO-EQ,BESTAGRO.NS
NSE,BETA-EQ,BETA.NS
NSE,BFINVEST-EQ,BFINVEST.NS
NSE,BFSI-EQ,BFSI.NS
NSE,BFUTILITIE-EQ,BFUTILITIE.NS
NSE,BHAGCHEM-EQ,BHAGCHEM.NS
NSE,BHAGERIA-EQ,BHAGERIA.NS
NSE,BHAGYANGR-EQ,BHAGYANGR.NS
NSE,BHANDARI-EQ,BHANDARI.NS
NSE,BHARATCOAL-EQ,BHARATCOAL.NS
NSE,BHARATFORG-EQ,BHARATFORG.NS
NSE,BHARATRAS-EQ,BHARATRAS.NS
NSE,BHARATSE-EQ,BHARATSE.NS
NSE,BHARATWIRE-EQ,BHARATWIRE.NS
NSE,BHARTIARTL-EQ,BHARTIARTL.NS
NSE,BHARTIHEXA-EQ,BHARTIHEXA.NS
NSE,BHEL-EQ,BHEL.NS
NSE,BIGBLOC-EQ,BIGBLOC.NS
NSE,BIKAJI-EQ,BIKAJI.NS
NSE,BIL-EQ,BIL.NS
NSE,BIMETAL-EQ,BIMETAL.NS
NSE,BIOCON-EQ,BIOCON.NS
NSE,BIOFILCHEM-EQ,BIOFILCHEM.NS
NSE,BIRLACABLE-EQ,BIRLACABLE.NS
NSE,BIRLACORPN-EQ,BIRLACORPN.NS
NSE,BIRLAMONEY-EQ,BIRLAMONEY.NS
NSE,BIRLANU-EQ,BIRLANU.NS
NSE,BLACKBUCK-EQ,BLACKBUCK.NS
NSE,BLAL-EQ,BLAL.NS
NSE,BLBLIMITED-EQ,BLBLIMITED.NS
NSE,BLEL-EQ,BLEL.NS
NSE,BLIL-EQ,BLIL.NS
NSE,BLKASHYAP-EQ,BLKASHYAP.NS
NSE,BLS-EQ,BLS.NS
NSE,BLSE-EQ,BLSE.NS
NSE,BLUECLOUDS-EQ,BLUECLOUDS.NS
NSE,BLUECOAST-EQ,BLUECOAST.NS
NSE,BLUEDART-EQ,BLUEDART.NS
NSE,BLUEJET-EQ,BLUEJET.NS
NSE,BLUESTARCO-EQ,BLUESTARCO.NS
NSE,BLUESTONE-EQ,BLUESTONE.NS
NSE,BLUSPRING-EQ,BLUSPRING.NS
NSE,BMWVENTLTD-EQ,BMWVENTLTD.NS
NSE,BNAGROCHEM-EQ,BNAGROCHEM.NS
NSE,BNKETFAXIS-EQ,BNKETFAXIS.NS
NSE,BODALCHEM-EQ,BODALCHEM.NS
NSE,BOHRAIND-EQ,BOHRAIND.NS
NSE,BOMDYEING-EQ,BOMDYEING.NS
NSE,BONLON-EQ,BONLON.NS
NSE,BORANA-EQ,BORANA.NS
NSE,BOROLTD-EQ,BOROLTD.NS
NSE,BORORENEW-EQ,BORORENEW.NS
NSE,BOROSCI-EQ,BOROSCI.NS
NSE,BOSCH-HCIL-EQ,BOSCH-HCIL.NS
NSE,BOSCHLTD-EQ,BOSCHLTD.NS
NSE,BPCL-EQ,BPCL.NS
NSE,BPL-EQ,BPL.NS
NSE,BPLPHARMA-EQ,BPLPHARMA.NS
NSE,BRAHMINFRA-EQ,BRAHMINFRA.NS
NSE,BRIGADE-EQ,BRIGADE.NS
NSE,BRIGHOTEL-EQ,BRIGHOTEL.NS
NSE,BRIGHTBR-EQ,BRIGHTBR.NS
NSE,BRITANNIA-EQ,BRITANNIA.NS
NSE,BRNL-EQ,BRNL.NS
NSE,BROOKS-EQ,BROOKS.NS
NSE,BSE-EQ,BSE.NS
NSE,BSE500IETF-EQ,BSE500IETF.NS
NSE,BSHSL-EQ,BSHSL.NS
NSE,BSL-EQ,BSL.NS
NSE,BSLGOLDETF-EQ,BSLGOLDETF.NS
NSE,BSLNIFTY-EQ,BSLNIFTY.NS
NSE,BSLSENETFG-EQ,BSLSENETFG.NS
NSE,BSOFT-EQ,BSOFT.NS
NSE,BTML-EQ,BTML.NS
NSE,BUILDPRO-EQ,BUILDPRO.NS
NSE,BUTTERFLY-EQ,BUTTERFLY.NS
NSE,BVCL-EQ,BVCL.NS
NSE,BYKE-EQ,BYKE.NS
NSE,CAMLINFINE-EQ,CAMLINFINE.NS
NSE,CAMPUS-EQ,CAMPUS.NS
NSE,CAMS-EQ,CAMS.NS
NSE,CANBK-EQ,CANBK.NS
NSE,CANFINHOME-EQ,CANFINHOME.NS
NSE,CANHLIFE-EQ,CANHLIFE.NS
NSE,CANTABIL-EQ,CANTABIL.NS
NSE,CAPACITE-EQ,CAPACITE.NS
NSE,CAPILLARY-EQ,CAPILLARY.NS
NSE,CAPITALSFB-EQ,CAPITALSFB.NS
NSE,CAPLIPOINT-EQ,CAPLIPOINT.NS
NSE,CARBORUNIV-EQ,CARBORUNIV.NS
NSE,CARERATING-EQ,CARERATING.NS
NSE,CARRARO-EQ,CARRARO.NS
NSE,CARTRADE-EQ,CARTRADE.NS
NSE,CARYSIL-EQ,CARYSIL.NS
NSE,CASHIETF-EQ,CASHIETF.NS
NSE,CASTROLIND-EQ,CASTROLIND.NS
NSE,CCAVENUE-EQ,CCAVENUE.NS
NSE,CCCL-EQ,CCCL.NS
NSE,CCHHL-EQ,CCHHL.NS
NSE,CCL-EQ,CCL.NS
NSE,CDSL-EQ,CDSL.NS
NSE,CEATLTD-EQ,CEATLTD.NS
NSE,CEIGALL-EQ,CEIGALL.NS
NSE,CEINSYS-EQ,CEINSYS.NS
NSE,CELEBRITY-EQ,CELEBRITY.NS
NSE,CELLO-EQ,CELLO.NS
NSE,CEMNTGROWW-EQ,CEMNTGROWW.NS
NSE,CEMPRO-EQ,CEMPRO.NS
NSE,CENTENKA-EQ,CENTENKA.NS
NSE,CENTEXT-EQ,CENTEXT.NS
NSE,CENTRALBK-EQ,CENTRALBK.NS
NSE,CENTRUM-EQ,CENTRUM.NS
NSE,CENTUM-EQ,CENTUM.NS
NSE,CENTURYPLY-EQ,CENTURYPLY.NS
NSE,CERA-EQ,CERA.NS
NSE,CESC-EQ,CESC.NS
NSE,CEWATER-EQ,CEWATER.NS
NSE,CGCL-EQ,CGCL.NS
NSE,CGPOWER-EQ,CGPOWER.NS
NSE,CGVAK-EQ,CGVAK.NS
NSE,CHALET-EQ,CHALET.NS
NSE,CHAMBLFERT-EQ,CHAMBLFERT.NS
NSE,CHEMBOND-EQ,CHEMBOND.NS
NSE,CHEMCRUX-EQ,CHEMCRUX.NS
NSE,CHEMFAB-EQ,CHEMFAB.NS
NSE,CHEMICAL-EQ,CHEMICAL.NS
NSE,CHEMPLASTS-EQ,CHEMPLASTS.NS
NSE,CHENNPETRO-EQ,CHENNPETRO.NS
NSE,CHEVIOT-EQ,CHEVIOT.NS
NSE,CHOICEGOLD-EQ,CHOICEGOLD.NS
NSE,CHOICEIN-EQ,CHOICEIN.NS
NSE,CHOLAFIN-EQ,CHOLAFIN.NS
NSE,CHOLAHLDNG-EQ,CHOLAHLDNG.NS
NSE,CIEINDIA-EQ,CIEINDIA.NS
NSE,CIFL-EQ,CIFL.NS
NSE,CINELINE-EQ,CINELINE.NS
NSE,CINEVISTA-EQ,CINEVISTA.NS
NSE,CIPLA-EQ,CIPLA.NS
NSE,CLEAN-EQ,CLEAN.NS
NSE,CLEANMAX-EQ,CLEANMAX.NS
NSE,CLEDUCATE-EQ,CLEDUCATE.NS
NSE,CLSEL-EQ,CLSEL.NS
NSE,CMLL-EQ,CMLL.NS
NSE,CMPDI-EQ,CMPDI.NS
NSE,CMRGREEN-EQ,CMRGREEN.NS
NSE,CMSINFO-EQ,CMSINFO.NS
NSE,CNL-EQ,CNL.NS
NSE,COALINDIA-EQ,COALINDIA.NS
NSE,COASTCORP-EQ,COASTCORP.NS
NSE,COCHINSHIP-EQ,COCHINSHIP.NS
NSE,COCKERILL-EQ,COCKERILL.NS
NSE,COFFEEDAY-EQ,COFFEEDAY.NS
NSE,COFORGE-EQ,COFORGE.NS
NSE,COHANCE-EQ,COHANCE.NS
NSE,COLPAL-EQ,COLPAL.NS
NSE,COMFINTE-EQ,COMFINTE.NS
NSE,COMMOIETF-EQ,COMMOIETF.NS
NSE,COMPEAU-EQ,COMPEAU.NS
NSE,COMPUSOFT-EQ,COMPUSOFT.NS
NSE,COMSYN-EQ,COMSYN.NS
NSE,CONCOR-EQ,CONCOR.NS
NSE,CONCORDBIO-EQ,CONCORDBIO.NS
NSE,CONFIPET-EQ,CONFIPET.NS
NSE,CONS-EQ,CONS.NS
NSE,CONSUMAXIS-EQ,CONSUMAXIS.NS
NSE,CONSUMBEES-EQ,CONSUMBEES.NS
NSE,CONSUMER-EQ,CONSUMER.NS
NSE,CONSUMIETF-EQ,CONSUMIETF.NS
NSE,CONTROLPR-EQ,CONTROLPR.NS
NSE,CORALFINAC-EQ,CORALFINAC.NS
NSE,CORDELIA-EQ,CORDELIA.NS
NSE,CORDSCABLE-EQ,CORDSCABLE.NS
NSE,COROMANDEL-EQ,COROMANDEL.NS
NSE,CORONA-EQ,CORONA.NS
NSE,COSMOFIRST-EQ,COSMOFIRST.NS
NSE,CPCAP-EQ,CPCAP.NS
NSE,CPEDU-EQ,CPEDU.NS
NSE,CPL-EQ,CPL.NS
NSE,CPPLUS-EQ,CPPLUS.NS
NSE,CPSEETF-EQ,CPSEETF.NS
NSE,CRAFTSMAN-EQ,CRAFTSMAN.NS
NSE,CRAMC-EQ,CRAMC.NS
NSE,CRAVATEX-EQ,CRAVATEX.NS
NSE,CREATIVEYE-EQ,CREATIVEYE.NS
NSE,CREDITACC-EQ,CREDITACC.NS
NSE,CREST-EQ,CREST.NS
NSE,CRESTO-EQ,CRESTO.NS
NSE,CRISIL-EQ,CRISIL.NS
NSE,CRIZAC-EQ,CRIZAC.NS
NSE,CROMPTON-EQ,CROMPTON.NS
NSE,CROWN-EQ,CROWN.NS
NSE,CSBBANK-EQ,CSBBANK.NS
NSE,CSLFINANCE-EQ,CSLFINANCE.NS
NSE,CSM-EQ,CSM.NS
NSE,CUB-EQ,CUB.NS
NSE,CUBEXTUB-EQ,CUBEXTUB.NS
NSE,CUMMINSIND-EQ,CUMMINSIND.NS
NSE,CUPID-EQ,CUPID.NS
NSE,CYIENT-EQ,CYIENT.NS
NSE,CYIENTDLM-EQ,CYIENTDLM.NS
NSE,DABUR-EQ,DABUR.NS
NSE,DALBHARAT-EQ,DALBHARAT.NS
NSE,DALMIASUG-EQ,DALMIASUG.NS
NSE,DAMCAPITAL-EQ,DAMCAPITAL.NS
NSE,DANGEE-EQ,DANGEE.NS
NSE,DATAMATICS-EQ,DATAMATICS.NS
NSE,DATAPATTNS-EQ,DATAPATTNS.NS
NSE,DAVANGERE-EQ,DAVANGERE.NS
NSE,DBCORP-EQ,DBCORP.NS
NSE,DBEIL-EQ,DBEIL.NS
NSE,DBL-EQ,DBL.NS
NSE,DBOL-EQ,DBOL.NS
NSE,DBREALTY-EQ,DBREALTY.NS
NSE,DCAL-EQ,DCAL.NS
NSE,DCBBANK-EQ,DCBBANK.NS
NSE,DCI-EQ,DCI.NS
NSE,DCM-EQ,DCM.NS
NSE,DCMFINSERV-EQ,DCMFINSERV.NS
NSE,DCMNVL-EQ,DCMNVL.NS
NSE,DCMSHRIRAM-EQ,DCMSHRIRAM.NS
NSE,DCMSIL-EQ,DCMSIL.NS
NSE,DCMSRIND-EQ,DCMSRIND.NS
NSE,DCW-EQ,DCW.NS
NSE,DCXINDIA-EQ,DCXINDIA.NS
NSE,DDEVPLSTIK-EQ,DDEVPLSTIK.NS
NSE,DECCANCE-EQ,DECCANCE.NS
NSE,DECNGOLD-EQ,DECNGOLD.NS
NSE,DEEDEV-EQ,DEEDEV.NS
NSE,DEEPA-EQ,DEEPA.NS
NSE,DEEPAKFERT-EQ,DEEPAKFERT.NS
NSE,DEEPAKNTR-EQ,DEEPAKNTR.NS
NSE,DEEPINDS-EQ,DEEPINDS.NS
NSE,DEFENCE-EQ,DEFENCE.NS
NSE,DELHIVERY-EQ,DELHIVERY.NS
NSE,DELTACORP-EQ,DELTACORP.NS
NSE,DELTAMAGNT-EQ,DELTAMAGNT.NS
NSE,DEN-EQ,DEN.NS
NSE,DENORA-EQ,DENORA.NS
NSE,DENTA-EQ,DENTA.NS
NSE,DEVIT-EQ,DEVIT.NS
NSE,DEVX-EQ,DEVX.NS
NSE,DEVYANI-EQ,DEVYANI.NS
NSE,DGCONTENT-EQ,DGCONTENT.NS
NSE,DHAMPURSUG-EQ,DHAMPURSUG.NS
NSE,DHANBANK-EQ,DHANBANK.NS
NSE,DHANUKA-EQ,DHANUKA.NS
NSE,DHARMAJ-EQ,DHARMAJ.NS
NSE,DHATRE-EQ,DHATRE.NS
NSE,DHOOTTRANS-EQ,DHOOTTRANS.NS
NSE,DHRUV-EQ,DHRUV.NS
NSE,DHUNINV-EQ,DHUNINV.NS
NSE,DIAMINESQ-EQ,DIAMINESQ.NS
NSE,DIAMONDYD-EQ,DIAMONDYD.NS
NSE,DICIND-EQ,DICIND.NS
NSE,DIFFNKG-EQ,DIFFNKG.NS
NSE,DIGIDRIVE-EQ,DIGIDRIVE.NS
NSE,DIGISPICE-EQ,DIGISPICE.NS
NSE,DIGITIDE-EQ,DIGITIDE.NS
NSE,DISAQ-EQ,DISAQ.NS
NSE,DISHTV-EQ,DISHTV.NS
NSE,DIVGIITTS-EQ,DIVGIITTS.NS
NSE,DIVIDEND-EQ,DIVIDEND.NS
NSE,DIVISLAB-EQ,DIVISLAB.NS
NSE,DIVOPPBEES-EQ,DIVOPPBEES.NS
NSE,DIXON-EQ,DIXON.NS
NSE,DJML-EQ,DJML.NS
NSE,DLF-EQ,DLF.NS
NSE,DLINKINDIA-EQ,DLINKINDIA.NS
NSE,DMART-EQ,DMART.NS
NSE,DMCC-EQ,DMCC.NS
NSE,DNAMEDIA-EQ,DNAMEDIA.NS
NSE,DODLA-EQ,DODLA.NS
NSE,DOLATALGO-EQ,DOLATALGO.NS
NSE,DOLLAR-EQ,DOLLAR.NS
NSE,DOLLEX-EQ,DOLLEX.NS
NSE,DOLPHIN-EQ,DOLPHIN.NS
NSE,DOMS-EQ,DOMS.NS
NSE,DONEAR-EQ,DONEAR.NS
NSE,DPABHUSHAN-EQ,DPABHUSHAN.NS
NSE,DRAGARWQ-EQ,DRAGARWQ.NS
NSE,DRCSYSTEMS-EQ,DRCSYSTEMS.NS
NSE,DREAMFOLKS-EQ,DREAMFOLKS.NS
NSE,DREDGECORP-EQ,DREDGECORP.NS
NSE,DRREDDY-EQ,DRREDDY.NS
NSE,DSFCL-EQ,DSFCL.NS
NSE,DSSL-EQ,DSSL.NS
NSE,DUCON-EQ,DUCON.NS
NSE,DVL-EQ,DVL.NS
NSE,DWARKESH-EQ,DWARKESH.NS
NSE,DYCL-EQ,DYCL.NS
NSE,DYNAMATECH-EQ,DYNAMATECH.NS
NSE,DYNPRO-EQ,DYNPRO.NS
NSE,EASEMYTRIP-EQ,EASEMYTRIP.NS
NSE,EASTWEST-EQ,EASTWEST.NS
NSE,EBANK10-EQ,EBANK10.NS
NSE,EBANKNIFTY-EQ,EBANKNIFTY.NS
NSE,EBBETF0430-EQ,EBBETF0430.NS
NSE,EBBETF0431-EQ,EBBETF0431.NS
NSE,EBBETF0433-EQ,EBBETF0433.NS
NSE,EBGNG-EQ,EBGNG.NS
NSE,ECAPINSURE-EQ,ECAPINSURE.NS
NSE,ECLERX-EQ,ECLERX.NS
NSE,ECORECO-EQ,ECORECO.NS
NSE,ECOSMOBLTY-EQ,ECOSMOBLTY.NS
NSE,EDELWEISS-EQ,EDELWEISS.NS
NSE,EFCIL-EQ,EFCIL.NS
NSE,EGOLD-EQ,EGOLD.NS
NSE,EICHERMOT-EQ,EICHERMOT.NS
NSE,EIDPARRY-EQ,EIDPARRY.NS
NSE,EIEL-EQ,EIEL.NS
NSE,EIHAHOTELS-EQ,EIHAHOTELS.NS
NSE,EIHOTEL-EQ,EIHOTEL.NS
NSE,EIMCOELECO-EQ,EIMCOELECO.NS
NSE,EKC-EQ,EKC.NS
NSE,EKI-EQ,EKI.NS
NSE,ELANTAS-EQ,ELANTAS.NS
NSE,ELCIDIN-EQ,ELCIDIN.NS
NSE,ELDEHSG-EQ,ELDEHSG.NS
NSE,ELECON-EQ,ELECON.NS
NSE,ELECTCAST-EQ,ELECTCAST.NS
NSE,ELECTHERM-EQ,ELECTHERM.NS
NSE,ELGIEQUIP-EQ,ELGIEQUIP.NS
NSE,ELGIRUBCO-EQ,ELGIRUBCO.NS
NSE,ELIN-EQ,ELIN.NS
NSE,ELIQUID-EQ,ELIQUID.NS
NSE,ELITECON-EQ,ELITECON.NS
NSE,ELLEN-EQ,ELLEN.NS
NSE,ELM250-EQ,ELM250.NS
NSE,ELMDIV-EQ,ELMDIV.NS
NSE,ELPROINTL-EQ,ELPROINTL.NS
NSE,EMAMILTD-EQ,EMAMILTD.NS
NSE,EMAMIREAL-EQ,EMAMIREAL.NS
NSE,EMBDL-EQ,EMBDL.NS
NSE,EMCURE-EQ,EMCURE.NS
NSE,EMETAL-EQ,EMETAL.NS
NSE,EMIL-EQ,EMIL.NS
NSE,EMKAY-EQ,EMKAY.NS
NSE,EMMVEE-EQ,EMMVEE.NS
NSE,EMPIND-EQ,EMPIND.NS
NSE,EMPOWER-EQ,EMPOWER.NS
NSE,EMSLIMITED-EQ,EMSLIMITED.NS
NSE,EMUDHRA-EQ,EMUDHRA.NS
NSE,EMULTIMQ-EQ,EMULTIMQ.NS
NSE,ENDURANCE-EQ,ENDURANCE.NS
NSE,ENERGY-EQ,ENERGY.NS
NSE,ENERGYAXIS-EQ,ENERGYAXIS.NS
NSE,ENERGYDEV-EQ,ENERGYDEV.NS
NSE,ENEXT50-EQ,ENEXT50.NS
NSE,ENGINERSIN-EQ,ENGINERSIN.NS
NSE,ENIFTY-EQ,ENIFTY.NS
NSE,ENIL-EQ,ENIL.NS
NSE,ENKEIWHEL-EQ,ENKEIWHEL.NS
NSE,ENRIN-EQ,ENRIN.NS
NSE,ENTERO-EQ,ENTERO.NS
NSE,EPACK-EQ,EPACK.NS
NSE,EPACKPEB-EQ,EPACKPEB.NS
NSE,EPIGRAL-EQ,EPIGRAL.NS
NSE,EPL-EQ,EPL.NS
NSE,EQUAL200-EQ,EQUAL200.NS
NSE,EQUAL50-EQ,EQUAL50.NS
NSE,EQUAL50ADD-EQ,EQUAL50ADD.NS
NSE,EQUITASBNK-EQ,EQUITASBNK.NS
NSE,ERIS-EQ,ERIS.NS
NSE,ESABINDIA-EQ,ESABINDIA.NS
NSE,ESCORTS-EQ,ESCORTS.NS
NSE,ESDS-EQ,ESDS.NS
NSE,ESENSEX-EQ,ESENSEX.NS
NSE,ESG-EQ,ESG.NS
NSE,ESILVER-EQ,ESILVER.NS
NSE,ESSARSHPNG-EQ,ESSARSHPNG.NS
NSE,ESSENTIA-EQ,ESSENTIA.NS
NSE,ESTER-EQ,ESTER.NS
NSE,ETERNAL-EQ,ETERNAL.NS
NSE,ETHOSLTD-EQ,ETHOSLTD.NS
NSE,EUREKAFORB-EQ,EUREKAFORB.NS
NSE,EUROBOND-EQ,EUROBOND.NS
NSE,EUROPRATIK-EQ,EUROPRATIK.NS
NSE,EVEREADY-EQ,EVEREADY.NS
NSE,EVIETF-EQ,EVIETF.NS
NSE,EVINDIA-EQ,EVINDIA.NS
NSE,EXCELINDUS-EQ,EXCELINDUS.NS
NSE,EXCELSOFT-EQ,EXCELSOFT.NS
NSE,EXICOM-EQ,EXICOM.NS
NSE,EXIDEIND-EQ,EXIDEIND.NS
NSE,EXPLEOSOL-EQ,EXPLEOSOL.NS
NSE,EXXARO-EQ,EXXARO.NS
NSE,FABTECH-EQ,FABTECH.NS
NSE,FACT-EQ,FACT.NS
NSE,FAZE3Q-EQ,FAZE3Q.NS
NSE,FCL-EQ,FCL.NS
NSE,FCSSOFT-EQ,FCSSOFT.NS
NSE,FDC-EQ,FDC.NS
NSE,FEDDERSHOL-EQ,FEDDERSHOL.NS
NSE,FEDERALBNK-EQ,FEDERALBNK.NS
NSE,FEDFINA-EQ,FEDFINA.NS
NSE,FERMENTA-EQ,FERMENTA.NS
NSE,FIBERWEB-EQ,FIBERWEB.NS
NSE,FIEMIND-EQ,FIEMIND.NS
NSE,FILATEX-EQ,FILATEX.NS
NSE,FILATFASH-EQ,FILATFASH.NS
NSE,FINCABLES-EQ,FINCABLES.NS
NSE,FINEORG-EQ,FINEORG.NS
NSE,FINIETF-EQ,FINIETF.NS
NSE,FINKURVE-EQ,FINKURVE.NS
NSE,FINOPB-EQ,FINOPB.NS
NSE,FINPIPE-EQ,FINPIPE.NS
NSE,FIRSTCRY-EQ,FIRSTCRY.NS
NSE,FISCHER-EQ,FISCHER.NS
NSE,FIVESTAR-EQ,FIVESTAR.NS
NSE,FLAIR-EQ,FLAIR.NS
NSE,FLEXIADD-EQ,FLEXIADD.NS
NSE,FLUOROCHEM-EQ,FLUOROCHEM.NS
NSE,FMCGADD-EQ,FMCGADD.NS
NSE,FMCGIETF-EQ,FMCGIETF.NS
NSE,FMGOETZE-EQ,FMGOETZE.NS
NSE,FMNL-EQ,FMNL.NS
NSE,FOODSIN-EQ,FOODSIN.NS
NSE,FORCEMOT-EQ,FORCEMOT.NS
NSE,FORTIS-EQ,FORTIS.NS
NSE,FOSECOIND-EQ,FOSECOIND.NS
NSE,FRACTAL-EQ,FRACTAL.NS
NSE,FREDUN-EQ,FREDUN.NS
NSE,FRONTSP-EQ,FRONTSP.NS
NSE,FSL-EQ,FSL.NS
NSE,FUSION-EQ,FUSION.NS
NSE,G1NSETEST-EQ,G1NSETEST.NS
NSE,GABRIEL-EQ,GABRIEL.NS
NSE,GAEL-EQ,GAEL.NS
NSE,GAIL-EQ,GAIL.NS
NSE,GAJA-EQ,GAJA.NS
NSE,GALAPREC-EQ,GALAPREC.NS
NSE,GALAXYSURF-EQ,GALAXYSURF.NS
NSE,GALLANTT-EQ,GALLANTT.NS
NSE,GANDHAR-EQ,GANDHAR.NS
NSE,GANDHITUBE-EQ,GANDHITUBE.NS
NSE,GANECOS-EQ,GANECOS.NS
NSE,GANESHCP-EQ,GANESHCP.NS
NSE,GANESHHOU-EQ,GANESHHOU.NS
NSE,GANGAFORGE-EQ,GANGAFORGE.NS
NSE,GANGESSECU-EQ,GANGESSECU.NS
NSE,GARFIBRES-EQ,GARFIBRES.NS
NSE,GARUDA-EQ,GARUDA.NS
NSE,GATEWAY-EQ,GATEWAY.NS
NSE,GAUDIUMIVF-EQ,GAUDIUMIVF.NS
NSE,GAYAHWS-EQ,GAYAHWS.NS
NSE,GAYAPROJ-EQ,GAYAPROJ.NS
NSE,GCSL-EQ,GCSL.NS
NSE,GEEKAYWIRE-EQ,GEEKAYWIRE.NS
NSE,GEMAROMA-EQ,GEMAROMA.NS
NSE,GENCON-EQ,GENCON.NS
NSE,GENESYS-EQ,GENESYS.NS
NSE,GENUSPAPER-EQ,GENUSPAPER.NS
NSE,GENUSPOWER-EQ,GENUSPOWER.NS
NSE,GEOJITFSL-EQ,GEOJITFSL.NS
NSE,GESHIP-EQ,GESHIP.NS
NSE,GFLLIMITED-EQ,GFLLIMITED.NS
NSE,GHCL-EQ,GHCL.NS
NSE,GHCLTEXTIL-EQ,GHCLTEXTIL.NS
NSE,GICHSGFIN-EQ,GICHSGFIN.NS
NSE,GICRE-EQ,GICRE.NS
NSE,GILLANDERS-EQ,GILLANDERS.NS
NSE,GILLETTE-EQ,GILLETTE.NS
NSE,GILT10BETA-EQ,GILT10BETA.NS
NSE,GILT5BETA-EQ,GILT5BETA.NS
NSE,GILT5YBEES-EQ,GILT5YBEES.NS
NSE,GIPCL-EQ,GIPCL.NS
NSE,GKB-EQ,GKB.NS
NSE,GKENERGY-EQ,GKENERGY.NS
NSE,GKSL-EQ,GKSL.NS
NSE,GKWLIMITED-EQ,GKWLIMITED.NS
NSE,GLAND-EQ,GLAND.NS
NSE,GLASSWALL-EQ,GLASSWALL.NS
NSE,GLAXO-EQ,GLAXO.NS
NSE,GLENMARK-EQ,GLENMARK.NS
NSE,GLFL-EQ,GLFL.NS
NSE,GLOBAL-EQ,GLOBAL.NS
NSE,GLOBALE-EQ,GLOBALE.NS
NSE,GLOBALVECT-EQ,GLOBALVECT.NS
NSE,GLOBE-EQ,GLOBE.NS
NSE,GLOBECIVIL-EQ,GLOBECIVIL.NS
NSE,GLOBUSSPR-EQ,GLOBUSSPR.NS
NSE,GLOSTERLTD-EQ,GLOSTERLTD.NS
NSE,GLOTTIS-EQ,GLOTTIS.NS
NSE,GMBREW-EQ,GMBREW.NS
NSE,GMDCLTD-EQ,GMDCLTD.NS
NSE,GMMPFAUDLR-EQ,GMMPFAUDLR.NS
NSE,GMRAIRPORT-EQ,GMRAIRPORT.NS
NSE,GMRP&UI-EQ,GMRP&UI.NS
NSE,GNA-EQ,GNA.NS
NSE,GNFC-EQ,GNFC.NS
NSE,GNRL-EQ,GNRL.NS
NSE,GOACARBON-EQ,GOACARBON.NS
NSE,GOCLCORP-EQ,GOCLCORP.NS
NSE,GOCOLORS-EQ,GOCOLORS.NS
NSE,GODAVARIB-EQ,GODAVARIB.NS
NSE,GODFRYPHLP-EQ,GODFRYPHLP.NS
NSE,GODIGIT-EQ,GODIGIT.NS
NSE,GODREJAGRO-EQ,GODREJAGRO.NS
NSE,GODREJCP-EQ,GODREJCP.NS
NSE,GODREJIND-EQ,GODREJIND.NS
NSE,GODREJPROP-EQ,GODREJPROP.NS
NSE,GOKEX-EQ,GOKEX.NS
NSE,GOKUL-EQ,GOKUL.NS
NSE,GOKULAGRO-EQ,GOKULAGRO.NS
NSE,GOLD1-EQ,GOLD1.NS
NSE,GOLD360-EQ,GOLD360.NS
NSE,GOLDADD-EQ,GOLDADD.NS
NSE,GOLDAXIS-EQ,GOLDAXIS.NS
NSE,GOLDBEES-EQ,GOLDBEES.NS
NSE,GOLDBETA-EQ,GOLDBETA.NS
NSE,GOLDBND-EQ,GOLDBND.NS
NSE,GOLDCASE-EQ,GOLDCASE.NS
NSE,GOLDETF-EQ,GOLDETF.NS
NSE,GOLDIAM-EQ,GOLDIAM.NS
NSE,GOLDIETF-EQ,GOLDIETF.NS
NSE,GOODLUCK-EQ,GOODLUCK.NS
NSE,GOODYEAR-EQ,GOODYEAR.NS
NSE,GOPAL-EQ,GOPAL.NS
NSE,GOYALALUM-EQ,GOYALALUM.NS
NSE,GPIL-EQ,GPIL.NS
NSE,GPPL-EQ,GPPL.NS
NSE,GPTHEALTH-EQ,GPTHEALTH.NS
NSE,GPTINFRA-EQ,GPTINFRA.NS
NSE,GRANDOAK-EQ,GRANDOAK.NS
NSE,GRANULES-EQ,GRANULES.NS
NSE,GRAPHITE-EQ,GRAPHITE.NS
NSE,GRASIM-EQ,GRASIM.NS
NSE,GRAUWEIL-EQ,GRAUWEIL.NS
NSE,GRAVITA-EQ,GRAVITA.NS
NSE,GREAVESCOT-EQ,GREAVESCOT.NS
NSE,GREENLAM-EQ,GREENLAM.NS
NSE,GREENPANEL-EQ,GREENPANEL.NS
NSE,GREENPLY-EQ,GREENPLY.NS
NSE,GREENPOWER-EQ,GREENPOWER.NS
NSE,GRINDWELL-EQ,GRINDWELL.NS
NSE,GRINFRA-EQ,GRINFRA.NS
NSE,GRMOVER-EQ,GRMOVER.NS
NSE,GROBTEA-EQ,GROBTEA.NS
NSE,GROWW-EQ,GROWW.NS
NSE,GROWWCAPM-EQ,GROWWCAPM.NS
NSE,GROWWCHEM-EQ,GROWWCHEM.NS
NSE,GROWWDEFNC-EQ,GROWWDEFNC.NS
NSE,GROWWEV-EQ,GROWWEV.NS
NSE,GROWWGOLD-EQ,GROWWGOLD.NS
NSE,GROWWHOSPI-EQ,GROWWHOSPI.NS
NSE,GROWWLIQID-EQ,GROWWLIQID.NS
NSE,GROWWLOVOL-EQ,GROWWLOVOL.NS
NSE,GROWWMC150-EQ,GROWWMC150.NS
NSE,GROWWMETAL-EQ,GROWWMETAL.NS
NSE,GROWWMOM50-EQ,GROWWMOM50.NS
NSE,GROWWN200-EQ,GROWWN200.NS
NSE,GROWWNET-EQ,GROWWNET.NS
NSE,GROWWNIFTY-EQ,GROWWNIFTY.NS
NSE,GROWWNXT50-EQ,GROWWNXT50.NS
NSE,GROWWPOWER-EQ,GROWWPOWER.NS
NSE,GROWWPSE-EQ,GROWWPSE.NS
NSE,GROWWPSUBK-EQ,GROWWPSUBK.NS
NSE,GROWWRAIL-EQ,GROWWRAIL.NS
NSE,GROWWRLTY-EQ,GROWWRLTY.NS
NSE,GROWWSC250-EQ,GROWWSC250.NS
NSE,GROWWSLVR-EQ,GROWWSLVR.NS
NSE,GRPLTD-EQ,GRPLTD.NS
NSE,GRSE-EQ,GRSE.NS
NSE,GRWRHITECH-EQ,GRWRHITECH.NS
NSE,GSEC10ABSL-EQ,GSEC10ABSL.NS
NSE,GSEC10ADD-EQ,GSEC10ADD.NS
NSE,GSEC10IETF-EQ,GSEC10IETF.NS
NSE,GSEC10YEAR-EQ,GSEC10YEAR.NS
NSE,GSEC5IETF-EQ,GSEC5IETF.NS
NSE,GSFC-EQ,GSFC.NS
NSE,GSLSU-EQ,GSLSU.NS
NSE,GSPCROP-EQ,GSPCROP.NS
NSE,GSS-EQ,GSS.NS
NSE,GTECJAINX-EQ,GTECJAINX.NS
NSE,GTL-EQ,GTL.NS
NSE,GTLINFRA-EQ,GTLINFRA.NS
NSE,GTPL-EQ,GTPL.NS
NSE,GUFICBIO-EQ,GUFICBIO.NS
NSE,GUJALKALI-EQ,GUJALKALI.NS
NSE,GUJAPOLLO-EQ,GUJAPOLLO.NS
NSE,GUJENERGY-EQ,GUJENERGY.NS
NSE,GUJRAFFIA-EQ,GUJRAFFIA.NS
NSE,GUJTHEM-EQ,GUJTHEM.NS
NSE,GULFOILLUB-EQ,GULFOILLUB.NS
NSE,GULPOLY-EQ,GULPOLY.NS
NSE,GVPIL-EQ,GVPIL.NS
NSE,GVT&D-EQ,GVT&D.NS
NSE,GYFTR-EQ,GYFTR.NS
NSE,HAL-EQ,HAL.NS
NSE,HALDER-EQ,HALDER.NS
NSE,HALEOSLABS-EQ,HALEOSLABS.NS
NSE,HAMPTON-EQ,HAMPTON.NS
NSE,HAPPSTMNDS-EQ,HAPPSTMNDS.NS
NSE,HAPPYFORGE-EQ,HAPPYFORGE.NS
NSE,HARDWYN-EQ,HARDWYN.NS
NSE,HARIOMPIPE-EQ,HARIOMPIPE.NS
NSE,HARRMALAYA-EQ,HARRMALAYA.NS
NSE,HARSHA-EQ,HARSHA.NS
NSE,HATHWAY-EQ,HATHWAY.NS
NSE,HATSUN-EQ,HATSUN.NS
NSE,HAVELLS-EQ,HAVELLS.NS
NSE,HAVISHA-EQ,HAVISHA.NS
NSE,HAWKINCOOK-EQ,HAWKINCOOK.NS
NSE,HAZOOR-EQ,HAZOOR.NS
NSE,HBESD-EQ,HBESD.NS
NSE,HBLENGINE-EQ,HBLENGINE.NS
NSE,HBPOR-EQ,HBPOR.NS
NSE,HBSL-EQ,HBSL.NS
NSE,HCC-EQ,HCC.NS
NSE,HCG-EQ,HCG.NS
NSE,HCL-INSYS-EQ,HCL-INSYS.NS
NSE,HCLTECH-EQ,HCLTECH.NS
NSE,HDBFS-EQ,HDBFS.NS
NSE,HDFCAMC-EQ,HDFCAMC.NS
NSE,HDFCBANK-EQ,HDFCBANK.NS
NSE,HDFCBSE500-EQ,HDFCBSE500.NS
NSE,HDFCGOLD-EQ,HDFCGOLD.NS
NSE,HDFCGROWTH-EQ,HDFCGROWTH.NS
NSE,HDFCLIFE-EQ,HDFCLIFE.NS
NSE,HDFCLIQUID-EQ,HDFCLIQUID.NS
NSE,HDFCLOWVOL-EQ,HDFCLOWVOL.NS
NSE,HDFCMID150-EQ,HDFCMID150.NS
NSE,HDFCMOMENT-EQ,HDFCMOMENT.NS
NSE,HDFCNEXT50-EQ,HDFCNEXT50.NS
NSE,HDFCNIF100-EQ,HDFCNIF100.NS
NSE,HDFCNIFBAN-EQ,HDFCNIFBAN.NS
NSE,HDFCNIFIT-EQ,HDFCNIFIT.NS
NSE,HDFCNIFTY-EQ,HDFCNIFTY.NS
NSE,HDFCNIMEG-EQ,HDFCNIMEG.NS
NSE,HDFCPSUBK-EQ,HDFCPSUBK.NS
NSE,HDFCPVTBAN-EQ,HDFCPVTBAN.NS
NSE,HDFCQUAL-EQ,HDFCQUAL.NS
NSE,HDFCSENSEX-EQ,HDFCSENSEX.NS
NSE,HDFCSILVER-EQ,HDFCSILVER.NS
NSE,HDFCSML250-EQ,HDFCSML250.NS
NSE,HDFCVALUE-EQ,HDFCVALUE.NS
NSE,HEADSUP-EQ,HEADSUP.NS
NSE,HEALTHADD-EQ,HEALTHADD.NS
NSE,HEALTHAXIS-EQ,HEALTHAXIS.NS
NSE,HEALTHCARE-EQ,HEALTHCARE.NS
NSE,HEALTHIETF-EQ,HEALTHIETF.NS
NSE,HEALTHX-EQ,HEALTHX.NS
NSE,HEALTHY-EQ,HEALTHY.NS
NSE,HECPROJECT-EQ,HECPROJECT.NS
NSE,HEGAM-EQ,HEGAM.NS
NSE,HEIDELBERG-EQ,HEIDELBERG.NS
NSE,HEMIPROP-EQ,HEMIPROP.NS
NSE,HERANBA-EQ,HERANBA.NS
NSE,HERITGFOOD-EQ,HERITGFOOD.NS
NSE,HEROMOTOCO-EQ,HEROMOTOCO.NS
NSE,HEROMOTORS-EQ,HEROMOTORS.NS
NSE,HESTERBIO-EQ,HESTERBIO.NS
NSE,HEXATRADEX-EQ,HEXATRADEX.NS
NSE,HEXT-EQ,HEXT.NS
NSE,HGINFRA-EQ,HGINFRA.NS
NSE,HGM-EQ,HGM.NS
NSE,HGS-EQ,HGS.NS
NSE,HIKAL-EQ,HIKAL.NS
NSE,HILINFRA-EQ,HILINFRA.NS
NSE,HILTON-EQ,HILTON.NS
NSE,HIMATSEIDE-EQ,HIMATSEIDE.NS
NSE,HINDADH-EQ,HINDADH.NS
NSE,HINDALCO-EQ,HINDALCO.NS
NSE,HINDALUMI-EQ,HINDALUMI.NS
NSE,HINDCOMPOS-EQ,HINDCOMPOS.NS
NSE,HINDCON-EQ,HINDCON.NS
NSE,HINDCOPPER-EQ,HINDCOPPER.NS
NSE,HINDOILEXP-EQ,HINDOILEXP.NS
NSE,HINDPETRO-EQ,HINDPETRO.NS
NSE,HINDUNILVR-EQ,HINDUNILVR.NS
NSE,HINDWAREAP-EQ,HINDWAREAP.NS
NSE,HINDZINC-EQ,HINDZINC.NS
NSE,HIRECT-EQ,HIRECT.NS
NSE,HISARMETAL-EQ,HISARMETAL.NS
NSE,HITECH-EQ,HITECH.NS
NSE,HLEGLAS-EQ,HLEGLAS.NS
NSE,HLVLTD-EQ,HLVLTD.NS
NSE,HMAAGRO-EQ,HMAAGRO.NS
NSE,HNDFDS-EQ,HNDFDS.NS
NSE,HNGSNGBEES-EQ,HNGSNGBEES.NS
NSE,HOMEFIRST-EQ,HOMEFIRST.NS
NSE,HONASA-EQ,HONASA.NS
NSE,HONAUT-EQ,HONAUT.NS
NSE,HONDAPOWER-EQ,HONDAPOWER.NS
NSE,HORIZONIND-EQ,HORIZONIND.NS
NSE,HPAL-EQ,HPAL.NS
NSE,HPIL-EQ,HPIL.NS
NSE,HPL-EQ,HPL.NS
NSE,HRYNSHP-EQ,HRYNSHP.NS
NSE,HSBCGOLD-EQ,HSBCGOLD.NS
NSE,HSCL-EQ,HSCL.NS
NSE,HTEL-EQ,HTEL.NS
NSE,HTMEDIA-EQ,HTMEDIA.NS
NSE,HUBTOWN-EQ,HUBTOWN.NS
NSE,HUDCO-EQ,HUDCO.NS
NSE,HUHTAMAKI-EQ,HUHTAMAKI.NS
NSE,HYBRIDETF-EQ,HYBRIDETF.NS
NSE,HYUNDAI-EQ,HYUNDAI.NS
NSE,IBULLSLTD-EQ,IBULLSLTD.NS
NSE,ICEMAKE-EQ,ICEMAKE.NS
NSE,ICICIAMC-EQ,ICICIAMC.NS
NSE,ICICIB22-EQ,ICICIB22.NS
NSE,ICICIBANK-EQ,ICICIBANK.NS
NSE,ICICIGI-EQ,ICICIGI.NS
NSE,ICICIPRULI-EQ,ICICIPRULI.NS
NSE,ICIL-EQ,ICIL.NS
NSE,ICRA-EQ,ICRA.NS
NSE,IDBI-EQ,IDBI.NS
NSE,IDEA-EQ,IDEA.NS
NSE,IDEAFORGE-EQ,IDEAFORGE.NS
NSE,IDFCFIRSTB-EQ,IDFCFIRSTB.NS
NSE,IDFNIFTYET-EQ,IDFNIFTYET.NS
NSE,IEX-EQ,IEX.NS
NSE,IFBAGRO-EQ,IFBAGRO.NS
NSE,IFBIND-EQ,IFBIND.NS
NSE,IFCI-EQ,IFCI.NS
NSE,IFGLEXPOR-EQ,IFGLEXPOR.NS
NSE,IGARASHI-EQ,IGARASHI.NS
NSE,IGCL-EQ,IGCL.NS
NSE,IGIL-EQ,IGIL.NS
NSE,IGL-EQ,IGL.NS
NSE,IGPL-EQ,IGPL.NS
NSE,IIFL-EQ,IIFL.NS
NSE,IIFLCAPS-EQ,IIFLCAPS.NS
NSE,IITL-EQ,IITL.NS
NSE,IKIO-EQ,IKIO.NS
NSE,IKS-EQ,IKS.NS
NSE,IMAGICAA-EQ,IMAGICAA.NS
NSE,IMFA-EQ,IMFA.NS
NSE,IMPAL-EQ,IMPAL.NS
NSE,INA-EQ,INA.NS
NSE,INCREDIBLE-EQ,INCREDIBLE.NS
NSE,INDBANK-EQ,INDBANK.NS
NSE,INDGN-EQ,INDGN.NS
NSE,INDHOTEL-EQ,INDHOTEL.NS
NSE,INDIACEM-EQ,INDIACEM.NS
NSE,INDIAGLYCO-EQ,INDIAGLYCO.NS
NSE,INDIAMART-EQ,INDIAMART.NS
NSE,INDIANB-EQ,INDIANB.NS
NSE,INDIANCARD-EQ,INDIANCARD.NS
NSE,INDIANHUME-EQ,INDIANHUME.NS
NSE,INDIASHLTR-EQ,INDIASHLTR.NS
NSE,INDIGO-EQ,INDIGO.NS
NSE,INDIGOPNTS-EQ,INDIGOPNTS.NS
NSE,INDIQUBE-EQ,INDIQUBE.NS
NSE,INDNIPPON-EQ,INDNIPPON.NS
NSE,INDOBORAX-EQ,INDOBORAX.NS
NSE,INDOCO-EQ,INDOCO.NS
NSE,INDOFARM-EQ,INDOFARM.NS
NSE,INDOKEM-EQ,INDOKEM.NS
NSE,INDOMIM-EQ,INDOMIM.NS
NSE,INDORAMA-EQ,INDORAMA.NS
NSE,INDOSTAR-EQ,INDOSTAR.NS
NSE,INDOTECH-EQ,INDOTECH.NS
NSE,INDOTHAI-EQ,INDOTHAI.NS
NSE,INDOUS-EQ,INDOUS.NS
NSE,INDOWIND-EQ,INDOWIND.NS
NSE,INDPRUD-EQ,INDPRUD.NS
NSE,INDRAMEDCO-EQ,INDRAMEDCO.NS
NSE,INDSWFTLAB-EQ,INDSWFTLAB.NS
NSE,INDTERRAIN-EQ,INDTERRAIN.NS
NSE,INDUSINDBK-EQ,INDUSINDBK.NS
NSE,INDUSTOWER-EQ,INDUSTOWER.NS
NSE,INFOBEAN-EQ,INFOBEAN.NS
NSE,INFOMEDIA-EQ,INFOMEDIA.NS
NSE,INFRA-EQ,INFRA.NS
NSE,INFRABEES-EQ,INFRABEES.NS
NSE,INFRAIETF-EQ,INFRAIETF.NS
NSE,INFY-EQ,INFY.NS
NSE,INGERRAND-EQ,INGERRAND.NS
NSE,INNOVACAP-EQ,INNOVACAP.NS
NSE,INNOVANA-EQ,INNOVANA.NS
NSE,INNOVISION-EQ,INNOVISION.NS
NSE,INOXGREEN-EQ,INOXGREEN.NS
NSE,INOXINDIA-EQ,INOXINDIA.NS
NSE,INOXWIND-EQ,INOXWIND.NS
NSE,INSECTICID-EQ,INSECTICID.NS
NSE,INSPIRISYS-EQ,INSPIRISYS.NS
NSE,INSUREIETF-EQ,INSUREIETF.NS
NSE,INTELLECT-EQ,INTELLECT.NS
NSE,INTENTECH-EQ,INTENTECH.NS
NSE,INTERARCH-EQ,INTERARCH.NS
NSE,INTERNET-EQ,INTERNET.NS
NSE,INTLCONV-EQ,INTLCONV.NS
NSE,INVENTURE-EQ,INVENTURE.NS
NSE,IOB-EQ,IOB.NS
NSE,IOC-EQ,IOC.NS
NSE,IOLCP-EQ,IOLCP.NS
NSE,IONEXCHANG-EQ,IONEXCHANG.NS
NSE,IPCALAB-EQ,IPCALAB.NS
NSE,IPL-EQ,IPL.NS
NSE,IPRINGLTD-EQ,IPRINGLTD.NS
NSE,IRB-EQ,IRB.NS
NSE,IRCON-EQ,IRCON.NS
NSE,IRCTC-EQ,IRCTC.NS
NSE,IREDA-EQ,IREDA.NS
NSE,IRFC-EQ,IRFC.NS
NSE,IRIS-EQ,IRIS.NS
NSE,IRISDOREME-EQ,IRISDOREME.NS
NSE,IRMENERGY-EQ,IRMENERGY.NS
NSE,ISFT-EQ,ISFT.NS
NSE,ISGEC-EQ,ISGEC.NS
NSE,ISHANCH-EQ,ISHANCH.NS
NSE,ISTLTD-EQ,ISTLTD.NS
NSE,IT-EQ,IT.NS
NSE,ITADD-EQ,ITADD.NS
NSE,ITAXIS-EQ,ITAXIS.NS
NSE,ITBEES-EQ,ITBEES.NS
NSE,ITBETA-EQ,ITBETA.NS
NSE,ITC-EQ,ITC.NS
NSE,ITCHOTELS-EQ,ITCHOTELS.NS
NSE,ITDC-EQ,ITDC.NS
NSE,ITETF-EQ,ITETF.NS
NSE,ITI-EQ,ITI.NS
NSE,ITIETF-EQ,ITIETF.NS
NSE,ITL-EQ,ITL.NS
NSE,IVALUE-EQ,IVALUE.NS
NSE,IVC-EQ,IVC.NS
NSE,IVZBANKNF-EQ,IVZBANKNF.NS
NSE,IVZINGOLD-EQ,IVZINGOLD.NS
NSE,IVZINNIFTY-EQ,IVZINNIFTY.NS
NSE,IVZSENSEX-EQ,IVZSENSEX.NS
NSE,IWP-EQ,IWP.NS
NSE,IXIGO-EQ,IXIGO.NS
NSE,IZMO-EQ,IZMO.NS
NSE,India VIX,^INDIAVIX
NSE,J&KBANK-EQ,J&KBANK.NS
NSE,JAGRAN-EQ,JAGRAN.NS
NSE,JAGSNPHARM-EQ,JAGSNPHARM.NS
NSE,JAIBALAJI-EQ,JAIBALAJI.NS
NSE,JAICORPLTD-EQ,JAICORPLTD.NS
NSE,JAINREC-EQ,JAINREC.NS
NSE,JAIPURKURT-EQ,JAIPURKURT.NS
NSE,JAMNAAUTO-EQ,JAMNAAUTO.NS
NSE,JARO-EQ,JARO.NS
NSE,JASH-EQ,JASH.NS
NSE,JAYAGROGN-EQ,JAYAGROGN.NS
NSE,JAYBARMARU-EQ,JAYBARMARU.NS
NSE,JAYKAY-EQ,JAYKAY.NS
NSE,JAYNECOIND-EQ,JAYNECOIND.NS
NSE,JAYSREETEA-EQ,JAYSREETEA.NS
NSE,JBMA-EQ,JBMA.NS
NSE,JENBURPH-EQ,JENBURPH.NS
NSE,JETFREIGHT-EQ,JETFREIGHT.NS
NSE,JGCHEM-EQ,JGCHEM.NS
NSE,JHS-EQ,JHS.NS
NSE,JINDALPHOT-EQ,JINDALPHOT.NS
NSE,JINDALPOLY-EQ,JINDALPOLY.NS
NSE,JINDALSAW-EQ,JINDALSAW.NS
NSE,JINDALSTEL-EQ,JINDALSTEL.NS
NSE,JINDRILL-EQ,JINDRILL.NS
NSE,JINDWORLD-EQ,JINDWORLD.NS
NSE,JIOFIN-EQ,JIOFIN.NS
NSE,JISLDVREQS-EQ,JISLDVREQS.NS
NSE,JISLJALEQS-EQ,JISLJALEQS.NS
NSE,JITFINFRA-EQ,JITFINFRA.NS
NSE,JKCEMENT-EQ,JKCEMENT.NS
NSE,JKIL-EQ,JKIL.NS
NSE,JKIPL-EQ,JKIPL.NS
NSE,JKLAKSHMI-EQ,JKLAKSHMI.NS
NSE,JKPAPER-EQ,JKPAPER.NS
NSE,JKTYRE-EQ,JKTYRE.NS
NSE,JLHL-EQ,JLHL.NS
NSE,JMA-EQ,JMA.NS
NSE,JMFINANCIL-EQ,JMFINANCIL.NS
NSE,JNKINDIA-EQ,JNKINDIA.NS
NSE,JNPR-EQ,JNPR.NS
NSE,JOCIL-EQ,JOCIL.NS
NSE,JPOLYINVST-EQ,JPOLYINVST.NS
NSE,JPPOWER-EQ,JPPOWER.NS
NSE,JSFB-EQ,JSFB.NS
NSE,JSL-EQ,JSL.NS
NSE,JSLL-EQ,JSLL.NS
NSE,JSWCEMENT-EQ,JSWCEMENT.NS
NSE,JSWDULUX-EQ,JSWDULUX.NS
NSE,JSWENERGY-EQ,JSWENERGY.NS
NSE,JSWHL-EQ,JSWHL.NS
NSE,JSWINFRA-EQ,JSWINFRA.NS
NSE,JSWSTEEL-EQ,JSWSTEEL.NS
NSE,JTEKTINDIA-EQ,JTEKTINDIA.NS
NSE,JTLIND-EQ,JTLIND.NS
NSE,JUBLCPL-EQ,JUBLCPL.NS
NSE,JUBLFOOD-EQ,JUBLFOOD.NS
NSE,JUBLINGREA-EQ,JUBLINGREA.NS
NSE,JUBLPHARMA-EQ,JUBLPHARMA.NS
NSE,JUNIORBEES-EQ,JUNIORBEES.NS
NSE,JUNIPER-EQ,JUNIPER.NS
NSE,JUSTDIAL-EQ,JUSTDIAL.NS
NSE,JWL-EQ,JWL.NS
NSE,JYOTHYLAB-EQ,JYOTHYLAB.NS
NSE,JYOTICNC-EQ,JYOTICNC.NS
NSE,JYOTIRES-EQ,JYOTIRES.NS
NSE,JYOTISTRUC-EQ,JYOTISTRUC.NS
NSE,KABRAEXTRU-EQ,KABRAEXTRU.NS
NSE,KAJARIACER-EQ,KAJARIACER.NS
NSE,KAKATCEM-EQ,KAKATCEM.NS
NSE,KALAMANDIR-EQ,KALAMANDIR.NS
NSE,KALPATARU-EQ,KALPATARU.NS
NSE,KALYANKJIL-EQ,KALYANKJIL.NS
NSE,KAMAHOLD-EQ,KAMAHOLD.NS
NSE,KAMANWALA-EQ,KAMANWALA.NS
NSE,KAMATHOTEL-EQ,KAMATHOTEL.NS
NSE,KAMDHENU-EQ,KAMDHENU.NS
NSE,KAMOPAINTS-EQ,KAMOPAINTS.NS
NSE,KANANIIND-EQ,KANANIIND.NS
NSE,KANCHI-EQ,KANCHI.NS
NSE,KANCOTEA-EQ,KANCOTEA.NS
NSE,KANOHAR-EQ,KANOHAR.NS
NSE,KANPRPLA-EQ,KANPRPLA.NS
NSE,KANSAINER-EQ,KANSAINER.NS
NSE,KAPSTON-EQ,KAPSTON.NS
NSE,KARAMTARA-EQ,KARAMTARA.NS
NSE,KARMAENG-EQ,KARMAENG.NS
NSE,KARURVYSYA-EQ,KARURVYSYA.NS
NSE,KAYNES-EQ,KAYNES.NS
NSE,KCP-EQ,KCP.NS
NSE,KDDL-EQ,KDDL.NS
NSE,KDGREEN-EQ,KDGREEN.NS
NSE,KEC-EQ,KEC.NS
NSE,KECL-EQ,KECL.NS
NSE,KEEPLEARN-EQ,KEEPLEARN.NS
NSE,KEI-EQ,KEI.NS
NSE,KELLTONTEC-EQ,KELLTONTEC.NS
NSE,KENNAMET-EQ,KENNAMET.NS
NSE,KERNEX-EQ,KERNEX.NS
NSE,KEYFINSERV-EQ,KEYFINSERV.NS
NSE,KFINTECH-EQ,KFINTECH.NS
NSE,KHAICHEM-EQ,KHAICHEM.NS
NSE,KHAITANLTD-EQ,KHAITANLTD.NS
NSE,KHANDSE-EQ,KHANDSE.NS
NSE,KICL-EQ,KICL.NS
NSE,KIMS-EQ,KIMS.NS
NSE,KINGFA-EQ,KINGFA.NS
NSE,KIOCL-EQ,KIOCL.NS
NSE,KIRANVYPAR-EQ,KIRANVYPAR.NS
NSE,KIRIINDUS-EQ,KIRIINDUS.NS
NSE,KIRLFER-EQ,KIRLFER.NS
NSE,KIRLOSBROS-EQ,KIRLOSBROS.NS
NSE,KIRLOSENG-EQ,KIRLOSENG.NS
NSE,KIRLOSIND-EQ,KIRLOSIND.NS
NSE,KIRLPNU-EQ,KIRLPNU.NS
NSE,KISSHT-EQ,KISSHT.NS
NSE,KITEX-EQ,KITEX.NS
NSE,KJMCFIN-EQ,KJMCFIN.NS
NSE,KKCL-EQ,KKCL.NS
NSE,KLBRENG-B-EQ,KLBRENG-B.NS
NSE,KMCSHIL-EQ,KMCSHIL.NS
NSE,KMEW-EQ,KMEW.NS
NSE,KMSUGAR-EQ,KMSUGAR.NS
NSE,KNACK-EQ,KNACK.NS
NSE,KNAGRI-EQ,KNAGRI.NS
NSE,KNRCON-EQ,KNRCON.NS
NSE,KOHINOOR-EQ,KOHINOOR.NS
NSE,KOKUYOCMLN-EQ,KOKUYOCMLN.NS
NSE,KOLTEPATIL-EQ,KOLTEPATIL.NS
NSE,KOPRAN-EQ,KOPRAN.NS
NSE,KOTAKBANK-EQ,KOTAKBANK.NS
NSE,KOTHARIPET-EQ,KOTHARIPET.NS
NSE,KOTHARIPRO-EQ,KOTHARIPRO.NS
NSE,KOTIC-EQ,KOTIC.NS
NSE,KOVAI-EQ,KOVAI.NS
NSE,KPEL-EQ,KPEL.NS
NSE,KPIGREEN-EQ,KPIGREEN.NS
NSE,KPIL-EQ,KPIL.NS
NSE,KPITTECH-EQ,KPITTECH.NS
NSE,KPL-EQ,KPL.NS
NSE,KPRMILL-EQ,KPRMILL.NS
NSE,KRBL-EQ,KRBL.NS
NSE,KREBSBIO-EQ,KREBSBIO.NS
NSE,KRIDHANINF-EQ,KRIDHANINF.NS
NSE,KRISHANA-EQ,KRISHANA.NS
NSE,KRISHIVAL-EQ,KRISHIVAL.NS
NSE,KRISHNADEF-EQ,KRISHNADEF.NS
NSE,KRITI-EQ,KRITI.NS
NSE,KRITIKA-EQ,KRITIKA.NS
NSE,KRITINUT-EQ,KRITINUT.NS
NSE,KRN-EQ,KRN.NS
NSE,KROSS-EQ,KROSS.NS
NSE,KRSNAA-EQ,KRSNAA.NS
NSE,KRYSTAL-EQ,KRYSTAL.NS
NSE,KSB-EQ,KSB.NS
NSE,KSCL-EQ,KSCL.NS
NSE,KSE-EQ,KSE.NS
NSE,KSHINTL-EQ,KSHINTL.NS
NSE,KSHITIJPOL-EQ,KSHITIJPOL.NS
NSE,KSL-EQ,KSL.NS
NSE,KSOLVES-EQ,KSOLVES.NS
NSE,KTKBANK-EQ,KTKBANK.NS
NSE,KUANTUM-EQ,KUANTUM.NS
NSE,KUSUMGAR-EQ,KUSUMGAR.NS
NSE,KWIL-EQ,KWIL.NS
NSE,LAGNAM-EQ,LAGNAM.NS
NSE,LAHOTIOV-EQ,LAHOTIOV.NS
NSE,LAKSHMIMIL-EQ,LAKSHMIMIL.NS
NSE,LAL-EQ,LAL.NS
NSE,LALITHAA-EQ,LALITHAA.NS
NSE,LALPATHLAB-EQ,LALPATHLAB.NS
NSE,LAMBODHARA-EQ,LAMBODHARA.NS
NSE,LANCER-EQ,LANCER.NS
NSE,LANDMARK-EQ,LANDMARK.NS
NSE,LANDSMILL-EQ,LANDSMILL.NS
NSE,LAOPALA-EQ,LAOPALA.NS
NSE,LARGEMID50-EQ,LARGEMID50.NS
NSE,LASERPOWER-EQ,LASERPOWER.NS
NSE,LATENTVIEW-EQ,LATENTVIEW.NS
NSE,LATTEYS-EQ,LATTEYS.NS
NSE,LAURUSLABS-EQ,LAURUSLABS.NS
NSE,LAXMICOT-EQ,LAXMICOT.NS
NSE,LAXMIDENTL-EQ,LAXMIDENTL.NS
NSE,LAXMIINDIA-EQ,LAXMIINDIA.NS
NSE,LCCINFOTEC-EQ,LCCINFOTEC.NS
NSE,LCCPROJECT-EQ,LCCPROJECT.NS
NSE,LCL-EQ,LCL.NS
NSE,LEAPIND-EQ,LEAPIND.NS
NSE,LEMERITE-EQ,LEMERITE.NS
NSE,LEMONTREE-EQ,LEMONTREE.NS
NSE,LENSKART-EQ,LENSKART.NS
NSE,LEXUS-EQ,LEXUS.NS
NSE,LFIC-EQ,LFIC.NS
NSE,LGBBROSLTD-EQ,LGBBROSLTD.NS
NSE,LGEINDIA-EQ,LGEINDIA.NS
NSE,LGHL-EQ,LGHL.NS
NSE,LIBAS-EQ,LIBAS.NS
NSE,LIBERTSHOE-EQ,LIBERTSHOE.NS
NSE,LICHSGFIN-EQ,LICHSGFIN.NS
NSE,LICI-EQ,LICI.NS
NSE,LICMFGOLD-EQ,LICMFGOLD.NS
NSE,LICNETFGSC-EQ,LICNETFGSC.NS
NSE,LICNETFN50-EQ,LICNETFN50.NS
NSE,LICNETFSEN-EQ,LICNETFSEN.NS
NSE,LICNFNHGP-EQ,LICNFNHGP.NS
NSE,LICNMID100-EQ,LICNMID100.NS
NSE,LIKHITHA-EQ,LIKHITHA.NS
NSE,LINC-EQ,LINC.NS
NSE,LINCOLN-EQ,LINCOLN.NS
NSE,LINDEINDIA-EQ,LINDEINDIA.NS
NSE,LIQGRWBEES-EQ,LIQGRWBEES.NS
NSE,LIQUID-EQ,LIQUID.NS
NSE,LIQUID1-EQ,LIQUID1.NS
NSE,LIQUIDADD-EQ,LIQUIDADD.NS
NSE,LIQUIDBEES-EQ,LIQUIDBEES.NS
NSE,LIQUIDBETA-EQ,LIQUIDBETA.NS
NSE,LIQUIDBETF-EQ,LIQUIDBETF.NS
NSE,LIQUIDCASE-EQ,LIQUIDCASE.NS
NSE,LIQUIDETF-EQ,LIQUIDETF.NS
NSE,LIQUIDIETF-EQ,LIQUIDIETF.NS
NSE,LIQUIDPLUS-EQ,LIQUIDPLUS.NS
NSE,LIQUIDSBI-EQ,LIQUIDSBI.NS
NSE,LIQUIDSHRI-EQ,LIQUIDSHRI.NS
NSE,LKPSEC-EQ,LKPSEC.NS
NSE,LLOYDSENGG-EQ,LLOYDSENGG.NS
NSE,LLOYDSENT-EQ,LLOYDSENT.NS
NSE,LLOYDSME-EQ,LLOYDSME.NS
NSE,LMW-EQ,LMW.NS
NSE,LODHA-EQ,LODHA.NS
NSE,LOKESHMACH-EQ,LOKESHMACH.NS
NSE,LORDSCHLO-EQ,LORDSCHLO.NS
NSE,LOTUSCHO-EQ,LOTUSCHO.NS
NSE,LOTUSEYE-EQ,LOTUSEYE.NS
NSE,LOVABLE-EQ,LOVABLE.NS
NSE,LOWVOL-EQ,LOWVOL.NS
NSE,LOWVOL1-EQ,LOWVOL1.NS
NSE,LOWVOLIETF-EQ,LOWVOLIETF.NS
NSE,LOYALTEX-EQ,LOYALTEX.NS
NSE,LPDC-EQ,LPDC.NS
NSE,LT-EQ,LT.NS
NSE,LTF-EQ,LTF.NS
NSE,LTFOODS-EQ,LTFOODS.NS
NSE,LTGILTBEES-EQ,LTGILTBEES.NS
NSE,LTGILTCASE-EQ,LTGILTCASE.NS
NSE,LTM-EQ,LTM.NS
NSE,LTTS-EQ,LTTS.NS
NSE,LUMAXIND-EQ,LUMAXIND.NS
NSE,LUMAXTECH-EQ,LUMAXTECH.NS
NSE,LUMINO-EQ,LUMINO.NS
NSE,LUPIN-EQ,LUPIN.NS
NSE,LUXIND-EQ,LUXIND.NS
NSE,LXCHEM-EQ,LXCHEM.NS
NSE,M&M-EQ,M&M.NS
NSE,M&MFIN-EQ,M&MFIN.NS
NSE,MAANALU-EQ,MAANALU.NS
NSE,MACPOWER-EQ,MACPOWER.NS
NSE,MADHAV-EQ,MADHAV.NS
NSE,MADHAVIPL-EQ,MADHAVIPL.NS
NSE,MADHUCON-EQ,MADHUCON.NS
NSE,MADRASFERT-EQ,MADRASFERT.NS
NSE,MAFANG-EQ,MAFANG.NS
NSE,MAFATIND-EQ,MAFATIND.NS
NSE,MAGADSUGAR-EQ,MAGADSUGAR.NS
NSE,MAGNUM-EQ,MAGNUM.NS
NSE,MAHABANK-EQ,MAHABANK.NS
NSE,MAHAPEXLTD-EQ,MAHAPEXLTD.NS
NSE,MAHEPC-EQ,MAHEPC.NS
NSE,MAHESHWARI-EQ,MAHESHWARI.NS
NSE,MAHKTECH-EQ,MAHKTECH.NS
NSE,MAHLIFE-EQ,MAHLIFE.NS
NSE,MAHLOG-EQ,MAHLOG.NS
NSE,MAHSCOOTER-EQ,MAHSCOOTER.NS
NSE,MAHSEAMLES-EQ,MAHSEAMLES.NS
NSE,MAITHANALL-EQ,MAITHANALL.NS
NSE,MAKEINDIA-EQ,MAKEINDIA.NS
NSE,MAKERSL-EQ,MAKERSL.NS
NSE,MALLCOM-EQ,MALLCOM.NS
NSE,MALUPAPER-EQ,MALUPAPER.NS
NSE,MAMATA-EQ,MAMATA.NS
NSE,MANAKALUCO-EQ,MANAKALUCO.NS
NSE,MANAKCOAT-EQ,MANAKCOAT.NS
NSE,MANAKSIA-EQ,MANAKSIA.NS
NSE,MANALIPETC-EQ,MANALIPETC.NS
NSE,MANAPPURAM-EQ,MANAPPURAM.NS
NSE,MANBA-EQ,MANBA.NS
NSE,MANCREDIT-EQ,MANCREDIT.NS
NSE,MANGALAM-EQ,MANGALAM.NS
NSE,MANGLMCEM-EQ,MANGLMCEM.NS
NSE,MANINDS-EQ,MANINDS.NS
NSE,MANINFRA-EQ,MANINFRA.NS
NSE,MANIPALHOS-EQ,MANIPALHOS.NS
NSE,MANKIND-EQ,MANKIND.NS
NSE,MANOMAY-EQ,MANOMAY.NS
NSE,MANORAMA-EQ,MANORAMA.NS
NSE,MANORG-EQ,MANORG.NS
NSE,MANUFGBEES-EQ,MANUFGBEES.NS
NSE,MANUGRAPH-EQ,MANUGRAPH.NS
NSE,MANYAVAR-EQ,MANYAVAR.NS
NSE,MAPMYINDIA-EQ,MAPMYINDIA.NS
NSE,MARALOVER-EQ,MARALOVER.NS
NSE,MARATHON-EQ,MARATHON.NS
NSE,MARICO-EQ,MARICO.NS
NSE,MARINE-EQ,MARINE.NS
NSE,MARKOLINES-EQ,MARKOLINES.NS
NSE,MARKSANS-EQ,MARKSANS.NS
NSE,MARSONS-EQ,MARSONS.NS
NSE,MARUTI-EQ,MARUTI.NS
NSE,MASFIN-EQ,MASFIN.NS
NSE,MASKINVEST-EQ,MASKINVEST.NS
NSE,MASPTOP50-EQ,MASPTOP50.NS
NSE,MASTEK-EQ,MASTEK.NS
NSE,MASTERTR-EQ,MASTERTR.NS
NSE,MATRIMONY-EQ,MATRIMONY.NS
NSE,MAWANASUG-EQ,MAWANASUG.NS
NSE,MAXESTATES-EQ,MAXESTATES.NS
NSE,MAXHEALTH-EQ,MAXHEALTH.NS
NSE,MAXIND-EQ,MAXIND.NS
NSE,MAYURUNIQ-EQ,MAYURUNIQ.NS
NSE,MAZDOCK-EQ,MAZDOCK.NS
NSE,MBAPL-EQ,MBAPL.NS
NSE,MBEL-EQ,MBEL.NS
NSE,MBLINFRA-EQ,MBLINFRA.NS
NSE,MCCHRLS-B-EQ,MCCHRLS-B.NS
NSE,MCL-EQ,MCL.NS
NSE,MCLEODRUSS-EQ,MCLEODRUSS.NS
NSE,MCLOUD-EQ,MCLOUD.NS
NSE,MCX-EQ,MCX.NS
NSE,MEDANTA-EQ,MEDANTA.NS
NSE,MEDIASSIST-EQ,MEDIASSIST.NS
NSE,MEDICO-EQ,MEDICO.NS
NSE,MEDPLUS-EQ,MEDPLUS.NS
NSE,MEESHO-EQ,MEESHO.NS
NSE,MEGASTAR-EQ,MEGASTAR.NS
NSE,MEIL-EQ,MEIL.NS
NSE,MERCANTILE-EQ,MERCANTILE.NS
NSE,MERCURYEV-EQ,MERCURYEV.NS
NSE,METAL-EQ,METAL.NS
NSE,METALIETF-EQ,METALIETF.NS
NSE,METROBRAND-EQ,METROBRAND.NS
NSE,METROGLOBL-EQ,METROGLOBL.NS
NSE,METROPOLIS-EQ,METROPOLIS.NS
NSE,MFML-EQ,MFML.NS
NSE,MFSL-EQ,MFSL.NS
NSE,MGEL-EQ,MGEL.NS
NSE,MGL-EQ,MGL.NS
NSE,MHRIL-EQ,MHRIL.NS
NSE,MID150-EQ,MID150.NS
NSE,MID150BEES-EQ,MID150BEES.NS
NSE,MID150CASE-EQ,MID150CASE.NS
NSE,MIDBANKADD-EQ,MIDBANKADD.NS
NSE,MIDCAP-EQ,MIDCAP.NS
NSE,MIDCAPADD-EQ,MIDCAPADD.NS
NSE,MIDCAPBETA-EQ,MIDCAPBETA.NS
NSE,MIDCAPETF-EQ,MIDCAPETF.NS
NSE,MIDCAPIETF-EQ,MIDCAPIETF.NS
NSE,MIDHANI-EQ,MIDHANI.NS
NSE,MIDQ50ADD-EQ,MIDQ50ADD.NS
NSE,MIDSELIETF-EQ,MIDSELIETF.NS
NSE,MIDSMALL-EQ,MIDSMALL.NS
NSE,MIDWESTLTD-EQ,MIDWESTLTD.NS
NSE,MIIL-EQ,MIIL.NS
NSE,MILKYMIST-EQ,MILKYMIST.NS
NSE,MINDACORP-EQ,MINDACORP.NS
NSE,MINDTECK-EQ,MINDTECK.NS
NSE,MIRZAINT-EQ,MIRZAINT.NS
NSE,MITCON-EQ,MITCON.NS
NSE,MITTAL-EQ,MITTAL.NS
NSE,MKEXIM-EQ,MKEXIM.NS
NSE,MKPL-EQ,MKPL.NS
NSE,MLKFOOD-EQ,MLKFOOD.NS
NSE,MMFL-EQ,MMFL.NS
NSE,MMP-EQ,MMP.NS
NSE,MMTC-EQ,MMTC.NS
NSE,MMWL-EQ,MMWL.NS
NSE,MNC-EQ,MNC.NS
NSE,MOALPHA50-EQ,MOALPHA50.NS
NSE,MOBANK10-EQ,MOBANK10.NS
NSE,MOBIKWIK-EQ,MOBIKWIK.NS
NSE,MOCAPITAL-EQ,MOCAPITAL.NS
NSE,MODEFENCE-EQ,MODEFENCE.NS
NSE,MODINATUR-EQ,MODINATUR.NS
NSE,MODIRUBBER-EQ,MODIRUBBER.NS
NSE,MODIS-EQ,MODIS.NS
NSE,MODTHREAD-EQ,MODTHREAD.NS
NSE,MOENERGY-EQ,MOENERGY.NS
NSE,MOGOLD-EQ,MOGOLD.NS
NSE,MOGSEC-EQ,MOGSEC.NS
NSE,MOHEALTH-EQ,MOHEALTH.NS
NSE,MOHITE-EQ,MOHITE.NS
NSE,MOHITIND-EQ,MOHITIND.NS
NSE,MOIL-EQ,MOIL.NS
NSE,MOINFRA-EQ,MOINFRA.NS
NSE,MOIPO-EQ,MOIPO.NS
NSE,MOKSH-EQ,MOKSH.NS
NSE,MOL-EQ,MOL.NS
NSE,MOLBIO-EQ,MOLBIO.NS
NSE,MOLDTKPAC-EQ,MOLDTKPAC.NS
NSE,MOLOWVOL-EQ,MOLOWVOL.NS
NSE,MOM100-EQ,MOM100.NS
NSE,MOM30IETF-EQ,MOM30IETF.NS
NSE,MOM50-EQ,MOM50.NS
NSE,MOMENTUM-EQ,MOMENTUM.NS
NSE,MOMENTUM30-EQ,MOMENTUM30.NS
NSE,MOMENTUM50-EQ,MOMENTUM50.NS
NSE,MOMETAL-EQ,MOMETAL.NS
NSE,MOMGF-EQ,MOMGF.NS
NSE,MOMIDMTM-EQ,MOMIDMTM.NS
NSE,MOMMIDCAP-EQ,MOMMIDCAP.NS
NSE,MOMNC-EQ,MOMNC.NS
NSE,MOMOMENTUM-EQ,MOMOMENTUM.NS
NSE,MOMSBELIEF-EQ,MOMSBELIEF.NS
NSE,MON100-EQ,MON100.NS
NSE,MON50EQUAL-EQ,MON50EQUAL.NS
NSE,MONARCH-EQ,MONARCH.NS
NSE,MONEXT50-EQ,MONEXT50.NS
NSE,MONEYBOXX-EQ,MONEYBOXX.NS
NSE,MONIFTY100-EQ,MONIFTY100.NS
NSE,MONIFTY500-EQ,MONIFTY500.NS
NSE,MONQ50-EQ,MONQ50.NS
NSE,MONTECARLO-EQ,MONTECARLO.NS
NSE,MOOILGAS-EQ,MOOILGAS.NS
NSE,MOPSE-EQ,MOPSE.NS
NSE,MOQUALITY-EQ,MOQUALITY.NS
NSE,MOREALTY-EQ,MOREALTY.NS
NSE,MOREPENLAB-EQ,MOREPENLAB.NS
NSE,MOSCHIP-EQ,MOSCHIP.NS
NSE,MOSERVICE-EQ,MOSERVICE.NS
NSE,MOSILVER-EQ,MOSILVER.NS
NSE,MOSMALL250-EQ,MOSMALL250.NS
NSE,MOTHERSON-EQ,MOTHERSON.NS
NSE,MOTILALOFS-EQ,MOTILALOFS.NS
NSE,MOTISONS-EQ,MOTISONS.NS
NSE,MOTOGENFIN-EQ,MOTOGENFIN.NS
NSE,MOTOUR-EQ,MOTOUR.NS
NSE,MOVALUE-EQ,MOVALUE.NS
NSE,MPHASIS-EQ,MPHASIS.NS
NSE,MPIMANIPAL-EQ,MPIMANIPAL.NS
NSE,MPSLTD-EQ,MPSLTD.NS
NSE,MRF-EQ,MRF.NS
NSE,MRPL-EQ,MRPL.NS
NSE,MSCI360-EQ,MSCI360.NS
NSE,MSCIADD-EQ,MSCIADD.NS
NSE,MSCIINDIA-EQ,MSCIINDIA.NS
NSE,MSL-EQ,MSL.NS
NSE,MSPL-EQ,MSPL.NS
NSE,MSTCLTD-EQ,MSTCLTD.NS
NSE,MSUMI-EQ,MSUMI.NS
NSE,MTNL-EQ,MTNL.NS
NSE,MUFIN-EQ,MUFIN.NS
NSE,MUFTI-EQ,MUFTI.NS
NSE,MUKANDLTD-EQ,MUKANDLTD.NS
NSE,MUKESHB-EQ,MUKESHB.NS
NSE,MULTICAP-EQ,MULTICAP.NS
NSE,MUNJALAU-EQ,MUNJALAU.NS
NSE,MUNJALSHOW-EQ,MUNJALSHOW.NS
NSE,MURUDCERA-EQ,MURUDCERA.NS
NSE,MUTHOOTCAP-EQ,MUTHOOTCAP.NS
NSE,MUTHOOTFIN-EQ,MUTHOOTFIN.NS
NSE,MUTHOOTMF-EQ,MUTHOOTMF.NS
NSE,MVELECTRO-EQ,MVELECTRO.NS
NSE,MVGJL-EQ,MVGJL.NS
NSE,MWL-EQ,MWL.NS
NSE,N1NSETEST-EQ,N1NSETEST.NS
NSE,NACLIND-EQ,NACLIND.NS
NSE,NAGREEKCAP-EQ,NAGREEKCAP.NS
NSE,NAGREEKEXP-EQ,NAGREEKEXP.NS
NSE,NAHARCAP-EQ,NAHARCAP.NS
NSE,NAHARINDUS-EQ,NAHARINDUS.NS
NSE,NAHARPOLY-EQ,NAHARPOLY.NS
NSE,NAHARSPING-EQ,NAHARSPING.NS
NSE,NAM-INDIA-EQ,NAM-INDIA.NS
NSE,NARMADA-EQ,NARMADA.NS
NSE,NATCOPHARM-EQ,NATCOPHARM.NS
NSE,NATHBIOGEN-EQ,NATHBIOGEN.NS
NSE,NATIONALUM-EQ,NATIONALUM.NS
NSE,NATIONSTD-EQ,NATIONSTD.NS
NSE,NAUKRI-EQ,NAUKRI.NS
NSE,NAVA-EQ,NAVA.NS
NSE,NAVINFLUOR-EQ,NAVINFLUOR.NS
NSE,NAVKARCORP-EQ,NAVKARCORP.NS
NSE,NAVKARURB-EQ,NAVKARURB.NS
NSE,NAVNETEDUL-EQ,NAVNETEDUL.NS
NSE,NAZARA-EQ,NAZARA.NS
NSE,NBCC-EQ,NBCC.NS
NSE,NBIFIN-EQ,NBIFIN.NS
NSE,NCC-EQ,NCC.NS
NSE,NCLIND-EQ,NCLIND.NS
NSE,NDGL-EQ,NDGL.NS
NSE,NDL-EQ,NDL.NS
NSE,NDLVENTURE-EQ,NDLVENTURE.NS
NSE,NDRAUTO-EQ,NDRAUTO.NS
NSE,NDTV-EQ,NDTV.NS
NSE,NEAGI-EQ,NEAGI.NS
NSE,NECLIFE-EQ,NECLIFE.NS
NSE,NELCAST-EQ,NELCAST.NS
NSE,NELCO-EQ,NELCO.NS
NSE,NEOGEN-EQ,NEOGEN.NS
NSE,NEPHROPLUS-EQ,NEPHROPLUS.NS
NSE,NESCO-EQ,NESCO.NS
NSE,NESTLEIND-EQ,NESTLEIND.NS
NSE,NETF-EQ,NETF.NS
NSE,NETWEB-EQ,NETWEB.NS
NSE,NETWORK18-EQ,NETWORK18.NS
NSE,NEULANDLAB-EQ,NEULANDLAB.NS
NSE,NEWGEN-EQ,NEWGEN.NS
NSE,NEXT30ADD-EQ,NEXT30ADD.NS
NSE,NEXT50-EQ,NEXT50.NS
NSE,NEXT50ADD-EQ,NEXT50ADD.NS
NSE,NEXT50BETA-EQ,NEXT50BETA.NS
NSE,NEXT50ETF-EQ,NEXT50ETF.NS
NSE,NEXT50IETF-EQ,NEXT50IETF.NS
NSE,NEXTMEDIA-EQ,NEXTMEDIA.NS
NSE,NFL-EQ,NFL.NS
NSE,NGIL-EQ,NGIL.NS
NSE,NGLFINE-EQ,NGLFINE.NS
NSE,NH-EQ,NH.NS
NSE,NHPC-EQ,NHPC.NS
NSE,NIACL-EQ,NIACL.NS
NSE,NIBE-EQ,NIBE.NS
NSE,NIBL-EQ,NIBL.NS
NSE,NICCOPAR-EQ,NICCOPAR.NS
NSE,NIF100BEES-EQ,NIF100BEES.NS
NSE,NIF100IETF-EQ,NIF100IETF.NS
NSE,NIF500BETA-EQ,NIF500BETA.NS
NSE,NIFTY MID SELECT,NIFTY_MID_SELECT.NS
NSE,NIFTY1-EQ,NIFTY1.NS
NSE,NIFTY100EW-EQ,NIFTY100EW.NS
NSE,NIFTYADD-EQ,NIFTYADD.NS
NSE,NIFTYAXIS-EQ,NIFTYAXIS.NS
NSE,NIFTYBEES-EQ,NIFTYBEES.NS
NSE,NIFTYBETA-EQ,NIFTYBETA.NS
NSE,NIFTYBETF-EQ,NIFTYBETF.NS
NSE,NIFTYCASE-EQ,NIFTYCASE.NS
NSE,NIFTYETF-EQ,NIFTYETF.NS
NSE,NIFTYIETF-EQ,NIFTYIETF.NS
NSE,NIFTYJBLK-EQ,NIFTYJBLK.NS
NSE,NIFTYQLITY-EQ,NIFTYQLITY.NS
NSE,NIITLTD-EQ,NIITLTD.NS
NSE,NIITMTS-EQ,NIITMTS.NS
NSE,NILAINFRA-EQ,NILAINFRA.NS
NSE,NILASPACES-EQ,NILASPACES.NS
NSE,NILE-EQ,NILE.NS
NSE,NILKAMAL-EQ,NILKAMAL.NS
NSE,NIMBSPROJ-EQ,NIMBSPROJ.NS
NSE,NINSYS-EQ,NINSYS.NS
NSE,NIPPOBATRY-EQ,NIPPOBATRY.NS
NSE,NIRAJ-EQ,NIRAJ.NS
NSE,NIRLON-EQ,NIRLON.NS
NSE,NITCO-EQ,NITCO.NS
NSE,NITINSPIN-EQ,NITINSPIN.NS
NSE,NITIRAJ-EQ,NITIRAJ.NS
NSE,NITTAGELA-EQ,NITTAGELA.NS
NSE,NIVABUPA-EQ,NIVABUPA.NS
NSE,NKIND-EQ,NKIND.NS
NSE,NLCINDIA-EQ,NLCINDIA.NS
NSE,NMDC-EQ,NMDC.NS
NSE,NOCIL-EQ,NOCIL.NS
NSE,NOIDATOLL-EQ,NOIDATOLL.NS
NSE,NORBTEAEXP-EQ,NORBTEAEXP.NS
NSE,NORTHARC-EQ,NORTHARC.NS
NSE,NOVAAGRI-EQ,NOVAAGRI.NS
NSE,NOVARTIND-EQ,NOVARTIND.NS
NSE,NPBET-EQ,NPBET.NS
NSE,NPST-EQ,NPST.NS
NSE,NRAIL-EQ,NRAIL.NS
NSE,NRBBEARING-EQ,NRBBEARING.NS
NSE,NSIL-EQ,NSIL.NS
NSE,NSLNISP-EQ,NSLNISP.NS
NSE,NTCIND-EQ,NTCIND.NS
NSE,NTPC-EQ,NTPC.NS
NSE,NTPCGREEN-EQ,NTPCGREEN.NS
NSE,NUCLEUS-EQ,NUCLEUS.NS
NSE,NUVAMA-EQ,NUVAMA.NS
NSE,NUVOCO-EQ,NUVOCO.NS
NSE,NV20BEES-EQ,NV20BEES.NS
NSE,NV20IETF-EQ,NV20IETF.NS
NSE,NYKAA-EQ,NYKAA.NS
NSE,Nifty 50,^NSEI
NSE,Nifty Bank,^NSEBANK
NSE,Nifty Fin Service,NIFTY_FIN_SERVICE.NS
NSE,Nifty IT,^CNXIT
NSE,Nifty Next 50,^NSMIDCP
NSE,OAL-EQ,OAL.NS
NSE,OBCL-EQ,OBCL.NS
NSE,OBEROIRLTY-EQ,OBEROIRLTY.NS
NSE,ODIGMA-EQ,ODIGMA.NS
NSE,ODYCORP-EQ,ODYCORP.NS
NSE,OFSS-EQ,OFSS.NS
NSE,OIL-EQ,OIL.NS
NSE,OILIETF-EQ,OILIETF.NS
NSE,OLAELEC-EQ,OLAELEC.NS
NSE,OLECTRA-EQ,OLECTRA.NS
NSE,OMAXAUTO-EQ,OMAXAUTO.NS
NSE,OMAXE-EQ,OMAXE.NS
NSE,OMINFRAL-EQ,OMINFRAL.NS
NSE,OMNI-EQ,OMNI.NS
NSE,OMPOWER-EQ,OMPOWER.NS
NSE,ONEGLOBAL-EQ,ONEGLOBAL.NS
NSE,ONEPOINT-EQ,ONEPOINT.NS
NSE,ONESOURCE-EQ,ONESOURCE.NS
NSE,ONGC-EQ,ONGC.NS
NSE,ONIDA-EQ,ONIDA.NS
NSE,ONIXSOLAR-EQ,ONIXSOLAR.NS
NSE,ONWARDTEC-EQ,ONWARDTEC.NS
NSE,OPTIEMUS-EQ,OPTIEMUS.NS
NSE,OPTIFIN-EQ,OPTIFIN.NS
NSE,ORCHASP-EQ,ORCHASP.NS
NSE,ORCHPHARMA-EQ,ORCHPHARMA.NS
NSE,ORICONENT-EQ,ORICONENT.NS
NSE,ORIENTALTL-EQ,ORIENTALTL.NS
NSE,ORIENTBELL-EQ,ORIENTBELL.NS
NSE,ORIENTCEM-EQ,ORIENTCEM.NS
NSE,ORIENTCER-EQ,ORIENTCER.NS
NSE,ORIENTELEC-EQ,ORIENTELEC.NS
NSE,ORIENTHOT-EQ,ORIENTHOT.NS
NSE,ORIENTPPR-EQ,ORIENTPPR.NS
NSE,ORIENTTECH-EQ,ORIENTTECH.NS
NSE,ORIRAIL-EQ,ORIRAIL.NS
NSE,ORISSAMINE-EQ,ORISSAMINE.NS
NSE,ORKLAINDIA-EQ,ORKLAINDIA.NS
NSE,ORTINGLOBE-EQ,ORTINGLOBE.NS
NSE,OSWALAGRO-EQ,OSWALAGRO.NS
NSE,OSWALGREEN-EQ,OSWALGREEN.NS
NSE,OSWALPUMPS-EQ,OSWALPUMPS.NS
NSE,OSWALSEEDS-EQ,OSWALSEEDS.NS
NSE,PACEDIGITK-EQ,PACEDIGITK.NS
NSE,PACIFICI-EQ,PACIFICI.NS
NSE,PAGEIND-EQ,PAGEIND.NS
NSE,PAISALO-EQ,PAISALO.NS
NSE,PAKKA-EQ,PAKKA.NS
NSE,PALASHSECU-EQ,PALASHSECU.NS
NSE,PALREDTEC-EQ,PALREDTEC.NS
NSE,PANACEABIO-EQ,PANACEABIO.NS
NSE,PANAMAPET-EQ,PANAMAPET.NS
NSE,PANCHMAHQ-EQ,PANCHMAHQ.NS
NSE,PANORAMA-EQ,PANORAMA.NS
NSE,PANSARI-EQ,PANSARI.NS
NSE,PARACABLES-EQ,PARACABLES.NS
NSE,PARADEEP-EQ,PARADEEP.NS
NSE,PARAGMILK-EQ,PARAGMILK.NS
NSE,PARAS-EQ,PARAS.NS
NSE,PARASPETRO-EQ,PARASPETRO.NS
NSE,PARKHOSPS-EQ,PARKHOSPS.NS
NSE,PARKHOTELS-EQ,PARKHOTELS.NS
NSE,PARNAXLAB-EQ,PARNAXLAB.NS
NSE,PASHUPATI-EQ,PASHUPATI.NS
NSE,PASUPTAC-EQ,PASUPTAC.NS
NSE,PATANJALI-EQ,PATANJALI.NS
NSE,PATELENG-EQ,PATELENG.NS
NSE,PATELRMART-EQ,PATELRMART.NS
NSE,PATINTLOG-EQ,PATINTLOG.NS
NSE,PAUSHAKLTD-EQ,PAUSHAKLTD.NS
NSE,PAVNAIND-EQ,PAVNAIND.NS
NSE,PAYTM-EQ,PAYTM.NS
NSE,PBMPOLY-EQ,PBMPOLY.NS
NSE,PCBL-EQ,PCBL.NS
NSE,PCJEWELLER-EQ,PCJEWELLER.NS
NSE,PDMJEPAPER-EQ,PDMJEPAPER.NS
NSE,PDSL-EQ,PDSL.NS
NSE,PEARLPOLY-EQ,PEARLPOLY.NS
NSE,PENIND-EQ,PENIND.NS
NSE,PENINLAND-EQ,PENINLAND.NS
NSE,PERMAGN-EQ,PERMAGN.NS
NSE,PERNIASPOP-EQ,PERNIASPOP.NS
NSE,PERSISTENT-EQ,PERSISTENT.NS
NSE,PETRONET-EQ,PETRONET.NS
NSE,PFC-EQ,PFC.NS
NSE,PFIZER-EQ,PFIZER.NS
NSE,PFOCUS-EQ,PFOCUS.NS
NSE,PFS-EQ,PFS.NS
NSE,PGEL-EQ,PGEL.NS
NSE,PGHH-EQ,PGHH.NS
NSE,PGHL-EQ,PGHL.NS
NSE,PGIL-EQ,PGIL.NS
NSE,PHARMABEES-EQ,PHARMABEES.NS
NSE,PHOENIXLTD-EQ,PHOENIXLTD.NS
NSE,PHOENXINTL-EQ,PHOENXINTL.NS
NSE,PICCADIL-EQ,PICCADIL.NS
NSE,PIDILITIND-EQ,PIDILITIND.NS
NSE,PIGL-EQ,PIGL.NS
NSE,PIIND-EQ,PIIND.NS
NSE,PILANIINVS-EQ,PILANIINVS.NS
NSE,PILITA-EQ,PILITA.NS
NSE,PINELABS-EQ,PINELABS.NS
NSE,PIONEEREMB-EQ,PIONEEREMB.NS
NSE,PIRAMALFIN-EQ,PIRAMALFIN.NS
NSE,PITTIENG-EQ,PITTIENG.NS
NSE,PIXTRANS-EQ,PIXTRANS.NS
NSE,PLASTIBLEN-EQ,PLASTIBLEN.NS
NSE,PLATIND-EQ,PLATIND.NS
NSE,PLAZACABLE-EQ,PLAZACABLE.NS
NSE,PML-EQ,PML.NS
NSE,PNB-EQ,PNB.NS
NSE,PNBGILTS-EQ,PNBGILTS.NS
NSE,PNBHOUSING-EQ,PNBHOUSING.NS
NSE,PNC-EQ,PNC.NS
NSE,PNCINFRA-EQ,PNCINFRA.NS
NSE,PNGJL-EQ,PNGJL.NS
NSE,PNGSREVA-EQ,PNGSREVA.NS
NSE,POCL-EQ,POCL.NS
NSE,PODDARMENT-EQ,PODDARMENT.NS
NSE,POEL-EQ,POEL.NS
NSE,POKARNA-EQ,POKARNA.NS
NSE,POLICYBZR-EQ,POLICYBZR.NS
NSE,POLYCAB-EQ,POLYCAB.NS
NSE,POLYMED-EQ,POLYMED.NS
NSE,POLYPLEX-EQ,POLYPLEX.NS
NSE,POLYSPIN-EQ,POLYSPIN.NS
NSE,PONNIERODE-EQ,PONNIERODE.NS
NSE,POONAWALLA-EQ,POONAWALLA.NS
NSE,POWERGRID-EQ,POWERGRID.NS
NSE,POWERICA-EQ,POWERICA.NS
NSE,POWERINDIA-EQ,POWERINDIA.NS
NSE,POWERMECH-EQ,POWERMECH.NS
NSE,PPLPHARMA-EQ,PPLPHARMA.NS
NSE,PRABHA-EQ,PRABHA.NS
NSE,PRAENG-EQ,PRAENG.NS
NSE,PRAJIND-EQ,PRAJIND.NS
NSE,PRAKASH-EQ,PRAKASH.NS
NSE,PRAKASHSTL-EQ,PRAKASHSTL.NS
NSE,PRANAV-EQ,PRANAV.NS
NSE,PRASOLCHEM-EQ,PRASOLCHEM.NS
NSE,PRAVEG-EQ,PRAVEG.NS
NSE,PRAXIS-EQ,PRAXIS.NS
NSE,PRECAM-EQ,PRECAM.NS
NSE,PRECOT-EQ,PRECOT.NS
NSE,PRECWIRE-EQ,PRECWIRE.NS
NSE,PREMCO-EQ,PREMCO.NS
NSE,PREMEXPLN-EQ,PREMEXPLN.NS
NSE,PREMIERENE-EQ,PREMIERENE.NS
NSE,PREMIERPOL-EQ,PREMIERPOL.NS
NSE,PRESTIGE-EQ,PRESTIGE.NS
NSE,PRICOLLTD-EQ,PRICOLLTD.NS
NSE,PRIMESECU-EQ,PRIMESECU.NS
NSE,PRIMO-EQ,PRIMO.NS
NSE,PRINCEPIPE-EQ,PRINCEPIPE.NS
NSE,PRIORITY-EQ,PRIORITY.NS
NSE,PRISMX-EQ,PRISMX.NS
NSE,PRITI-EQ,PRITI.NS
NSE,PRIVISCL-EQ,PRIVISCL.NS
NSE,PROSTARM-EQ,PROSTARM.NS
NSE,PROTEAN-EQ,PROTEAN.NS
NSE,PROZONER-EQ,PROZONER.NS
NSE,PRSMJOHNSN-EQ,PRSMJOHNSN.NS
NSE,PRUDENT-EQ,PRUDENT.NS
NSE,PRUDMOULI-EQ,PRUDMOULI.NS
NSE,PSB-EQ,PSB.NS
NSE,PSPPROJECT-EQ,PSPPROJECT.NS
NSE,PSUBANK-EQ,PSUBANK.NS
NSE,PSUBANKADD-EQ,PSUBANKADD.NS
NSE,PSUBNKBEES-EQ,PSUBNKBEES.NS
NSE,PSUBNKIETF-EQ,PSUBNKIETF.NS
NSE,PTC-EQ,PTC.NS
NSE,PTCIL-EQ,PTCIL.NS
NSE,PTL-EQ,PTL.NS
NSE,PUNJABCHEM-EQ,PUNJABCHEM.NS
NSE,PURVA-EQ,PURVA.NS
NSE,PVP-EQ,PVP.NS
NSE,PVRINOX-EQ,PVRINOX.NS
NSE,PVSL-EQ,PVSL.NS
NSE,PVTBANIETF-EQ,PVTBANIETF.NS
NSE,PVTBANK-EQ,PVTBANK.NS
NSE,PVTBANKADD-EQ,PVTBANKADD.NS
NSE,PVTBKGROWW-EQ,PVTBKGROWW.NS
NSE,PWL-EQ,PWL.NS
NSE,PYRAMID-EQ,PYRAMID.NS
NSE,QGOLDHALF-EQ,QGOLDHALF.NS
NSE,QNIFTY-EQ,QNIFTY.NS
NSE,QPOWER-EQ,QPOWER.NS
NSE,QUADFUTURE-EQ,QUADFUTURE.NS
NSE,QUAL30IETF-EQ,QUAL30IETF.NS
NSE,QUALITY30-EQ,QUALITY30.NS
NSE,QUESS-EQ,QUESS.NS
NSE,QUICKHEAL-EQ,QUICKHEAL.NS
NSE,RACE-EQ,RACE.NS
NSE,RACLGEAR-EQ,RACLGEAR.NS
NSE,RADAAN-EQ,RADAAN.NS
NSE,RADIANTCMS-EQ,RADIANTCMS.NS
NSE,RADICO-EQ,RADICO.NS
NSE,RADIOCITY-EQ,RADIOCITY.NS
NSE,RAILTEL-EQ,RAILTEL.NS
NSE,RAIN-EQ,RAIN.NS
NSE,RAINBOW-EQ,RAINBOW.NS
NSE,RAJMET-EQ,RAJMET.NS
NSE,RAJPALAYAM-EQ,RAJPALAYAM.NS
NSE,RAJRATAN-EQ,RAJRATAN.NS
NSE,RAJSREESUG-EQ,RAJSREESUG.NS
NSE,RAJTV-EQ,RAJTV.NS
NSE,RALLIS-EQ,RALLIS.NS
NSE,RAMANEWS-EQ,RAMANEWS.NS
NSE,RAMAPHO-EQ,RAMAPHO.NS
NSE,RAMBHAJO-EQ,RAMBHAJO.NS
NSE,RAMCOCEM-EQ,RAMCOCEM.NS
NSE,RAMCOIND-EQ,RAMCOIND.NS
NSE,RAMCOSYS-EQ,RAMCOSYS.NS
NSE,RAMKY-EQ,RAMKY.NS
NSE,RAMRAT-EQ,RAMRAT.NS
NSE,RANASUG-EQ,RANASUG.NS
NSE,RANEHOLDIN-EQ,RANEHOLDIN.NS
NSE,RATEGAIN-EQ,RATEGAIN.NS
NSE,RATNAMANI-EQ,RATNAMANI.NS
NSE,RATNAVEER-EQ,RATNAVEER.NS
NSE,RAYMOND-EQ,RAYMOND.NS
NSE,RAYMONDLSL-EQ,RAYMONDLSL.NS
NSE,RAYMONDREL-EQ,RAYMONDREL.NS
NSE,RBA-EQ,RBA.NS
NSE,RBLBANK-EQ,RBLBANK.NS
NSE,RCF-EQ,RCF.NS
NSE,RECLTD-EQ,RECLTD.NS
NSE,REDINGTON-EQ,REDINGTON.NS
NSE,REDTAPE-EQ,REDTAPE.NS
NSE,REFEX-EQ,REFEX.NS
NSE,REGAAL-EQ,REGAAL.NS
NSE,REGENCERAM-EQ,REGENCERAM.NS
NSE,RELAXO-EQ,RELAXO.NS
NSE,RELCHEMQ-EQ,RELCHEMQ.NS
NSE,RELIABLE-EQ,RELIABLE.NS
NSE,RELIANCE-EQ,RELIANCE.NS
NSE,RELIGARE-EQ,RELIGARE.NS
NSE,RELTD-EQ,RELTD.NS
NSE,REMSONSIND-EQ,REMSONSIND.NS
NSE,RENTOMOJO-EQ,RENTOMOJO.NS
NSE,RENUKA-EQ,RENUKA.NS
NSE,REPCOHOME-EQ,REPCOHOME.NS
NSE,REPL-EQ,REPL.NS
NSE,REPRO-EQ,REPRO.NS
NSE,RESPONIND-EQ,RESPONIND.NS
NSE,RETAIL-EQ,RETAIL.NS
NSE,RGL-EQ,RGL.NS
NSE,RHETAN-EQ,RHETAN.NS
NSE,RHIM-EQ,RHIM.NS
NSE,RHL-EQ,RHL.NS
NSE,RICOAUTO-EQ,RICOAUTO.NS
NSE,RIIL-EQ,RIIL.NS
NSE,RIR-EQ,RIR.NS
NSE,RISHABH-EQ,RISHABH.NS
NSE,RITCO-EQ,RITCO.NS
NSE,RITES-EQ,RITES.NS
NSE,RKDL-EQ,RKDL.NS
NSE,RKEC-EQ,RKEC.NS
NSE,RKFORGE-EQ,RKFORGE.NS
NSE,RKSWAMY-EQ,RKSWAMY.NS
NSE,RMC-EQ,RMC.NS
NSE,RML-EQ,RML.NS
NSE,ROHLTD-EQ,ROHLTD.NS
NSE,ROLEXRINGS-EQ,ROLEXRINGS.NS
NSE,ROML-EQ,ROML.NS
NSE,ROSSARI-EQ,ROSSARI.NS
NSE,ROSSELLIND-EQ,ROSSELLIND.NS
NSE,ROSSTECH-EQ,ROSSTECH.NS
NSE,ROTO-EQ,ROTO.NS
NSE,ROUTE-EQ,ROUTE.NS
NSE,RPEL-EQ,RPEL.NS
NSE,RPGLIFE-EQ,RPGLIFE.NS
NSE,RPOWER-EQ,RPOWER.NS
NSE,RPPINFRA-EQ,RPPINFRA.NS
NSE,RPSGVENT-EQ,RPSGVENT.NS
NSE,RPTECH-EQ,RPTECH.NS
NSE,RRECL-EQ,RRECL.NS
NSE,RRIL-EQ,RRIL.NS
NSE,RRKABEL-EQ,RRKABEL.NS
NSE,RSL-EQ,RSL.NS
NSE,RSSOFTWARE-EQ,RSSOFTWARE.NS
NSE,RSWM-EQ,RSWM.NS
NSE,RSYSTEMS-EQ,RSYSTEMS.NS
NSE,RTNINDIA-EQ,RTNINDIA.NS
NSE,RTNPOWER-EQ,RTNPOWER.NS
NSE,RTSPOWR-EQ,RTSPOWR.NS
NSE,RUBFILA-EQ,RUBFILA.NS
NSE,RUBICON-EQ,RUBICON.NS
NSE,RUBYMILLS-EQ,RUBYMILLS.NS
NSE,RUCHINFRA-EQ,RUCHINFRA.NS
NSE,RUCHIRA-EQ,RUCHIRA.NS
NSE,RUDRA-EQ,RUDRA.NS
NSE,RUPA-EQ,RUPA.NS
NSE,RUSHIL-EQ,RUSHIL.NS
NSE,RUSTOMJEE-EQ,RUSTOMJEE.NS
NSE,RVHL-EQ,RVHL.NS
NSE,RVNL-EQ,RVNL.NS
NSE,RVTH-EQ,RVTH.NS
NSE,S&SPOWER-EQ,S&SPOWER.NS
NSE,SAATVIKGL-EQ,SAATVIKGL.NS
NSE,SAB-EQ,SAB.NS
NSE,SADBHAV-EQ,SADBHAV.NS
NSE,SADBHIN-EQ,SADBHIN.NS
NSE,SAFARI-EQ,SAFARI.NS
NSE,SAGARDEEP-EQ,SAGARDEEP.NS
NSE,SAGCEM-EQ,SAGCEM.NS
NSE,SAGILITY-EQ,SAGILITY.NS
NSE,SAHLIBHFI-EQ,SAHLIBHFI.NS
NSE,SAHYADRI-EQ,SAHYADRI.NS
NSE,SAICAPI-EQ,SAICAPI.NS
NSE,SAIL-EQ,SAIL.NS
NSE,SAILIFE-EQ,SAILIFE.NS
NSE,SAIPARENT-EQ,SAIPARENT.NS
NSE,SAKAR-EQ,SAKAR.NS
NSE,SAKHTISUG-EQ,SAKHTISUG.NS
NSE,SAKSOFT-EQ,SAKSOFT.NS
NSE,SAKUMA-EQ,SAKUMA.NS
NSE,SALASAR-EQ,SALASAR.NS
NSE,SALONA-EQ,SALONA.NS
NSE,SALSTEEL-EQ,SALSTEEL.NS
NSE,SALZERELEC-EQ,SALZERELEC.NS
NSE,SAMBANDAM-EQ,SAMBANDAM.NS
NSE,SAMBHAAV-EQ,SAMBHAAV.NS
NSE,SAMBHV-EQ,SAMBHV.NS
NSE,SAMHI-EQ,SAMHI.NS
NSE,SAMMAANCAP-EQ,SAMMAANCAP.NS
NSE,SAMPANN-EQ,SAMPANN.NS
NSE,SANATHAN-EQ,SANATHAN.NS
NSE,SANDESH-EQ,SANDESH.NS
NSE,SANDHAR-EQ,SANDHAR.NS
NSE,SANDUMA-EQ,SANDUMA.NS
NSE,SANGAMIND-EQ,SANGAMIND.NS
NSE,SANGHVIMOV-EQ,SANGHVIMOV.NS
NSE,SANOFI-EQ,SANOFI.NS
NSE,SANOFICONR-EQ,SANOFICONR.NS
NSE,SANSERA-EQ,SANSERA.NS
NSE,SANSTAR-EQ,SANSTAR.NS
NSE,SAPPHIRE-EQ,SAPPHIRE.NS
NSE,SAPPL-EQ,SAPPL.NS
NSE,SARDAEN-EQ,SARDAEN.NS
NSE,SAREGAMA-EQ,SAREGAMA.NS
NSE,SARLAPOLY-EQ,SARLAPOLY.NS
NSE,SARVESHWAR-EQ,SARVESHWAR.NS
NSE,SASKEN-EQ,SASKEN.NS
NSE,SATIA-EQ,SATIA.NS
NSE,SATIN-EQ,SATIN.NS
NSE,SAURASHCEM-EQ,SAURASHCEM.NS
NSE,SAYAJIHOTL-EQ,SAYAJIHOTL.NS
NSE,SAYAJIIND-EQ,SAYAJIIND.NS
NSE,SBC-EQ,SBC.NS
NSE,SBCL-EQ,SBCL.NS
NSE,SBFC-EQ,SBFC.NS
NSE,SBGLP-EQ,SBGLP.NS
NSE,SBIBPB-EQ,SBIBPB.NS
NSE,SBICARD-EQ,SBICARD.NS
NSE,SBIETFCON-EQ,SBIETFCON.NS
NSE,SBIETFIT-EQ,SBIETFIT.NS
NSE,SBIETFPB-EQ,SBIETFPB.NS
NSE,SBIETFQLTY-EQ,SBIETFQLTY.NS
NSE,SBIFUNDS-EQ,SBIFUNDS.NS
NSE,SBILIFE-EQ,SBILIFE.NS
NSE,SBILIQETF-EQ,SBILIQETF.NS
NSE,SBIMIDMOM-EQ,SBIMIDMOM.NS
NSE,SBIN-EQ,SBIN.NS
NSE,SBINEQWETF-EQ,SBINEQWETF.NS
NSE,SBINMID150-EQ,SBINMID150.NS
NSE,SBISILVER-EQ,SBISILVER.NS
NSE,SBISMLETF-EQ,SBISMLETF.NS
NSE,SBIVALETF-EQ,SBIVALETF.NS
NSE,SCHAEFFLER-EQ,SCHAEFFLER.NS
NSE,SCHAND-EQ,SCHAND.NS
NSE,SCHNEIDER-EQ,SCHNEIDER.NS
NSE,SCI-EQ,SCI.NS
NSE,SCILAL-EQ,SCILAL.NS
NSE,SCODATUBES-EQ,SCODATUBES.NS
NSE,SDBL-EQ,SDBL.NS
NSE,SEAMECLTD-EQ,SEAMECLTD.NS
NSE,SECLEDBETA-EQ,SECLEDBETA.NS
NSE,SECMARK-EQ,SECMARK.NS
NSE,SECURKLOUD-EQ,SECURKLOUD.NS
NSE,SEDEMAC-EQ,SEDEMAC.NS
NSE,SEIL-EQ,SEIL.NS
NSE,SEJALLTD-EQ,SEJALLTD.NS
NSE,SEKURITIND-EQ,SEKURITIND.NS
NSE,SELECTIPO-EQ,SELECTIPO.NS
NSE,SEMAC-EQ,SEMAC.NS
NSE,SENCO-EQ,SENCO.NS
NSE,SENORES-EQ,SENORES.NS
NSE,SENSEXADD-EQ,SENSEXADD.NS
NSE,SENSEXAXIS-EQ,SENSEXAXIS.NS
NSE,SENSEXBETA-EQ,SENSEXBETA.NS
NSE,SENSEXETF-EQ,SENSEXETF.NS
NSE,SENSEXIETF-EQ,SENSEXIETF.NS
NSE,SEPC-EQ,SEPC.NS
NSE,SERVOTECH-EQ,SERVOTECH.NS
NSE,SESHAPAPER-EQ,SESHAPAPER.NS
NSE,SETF10GILT-EQ,SETF10GILT.NS
NSE,SETFGOLD-EQ,SETFGOLD.NS
NSE,SETFNIF50-EQ,SETFNIF50.NS
NSE,SETFNIFBK-EQ,SETFNIFBK.NS
NSE,SETFNN50-EQ,SETFNN50.NS
NSE,SETL-EQ,SETL.NS
NSE,SFL-EQ,SFL.NS
NSE,SGFIN-EQ,SGFIN.NS
NSE,SGIL-EQ,SGIL.NS
NSE,SGL-EQ,SGL.NS
NSE,SGLRES-EQ,SGLRES.NS
NSE,SGMART-EQ,SGMART.NS
NSE,SGRL-EQ,SGRL.NS
NSE,SHADOWFAX-EQ,SHADOWFAX.NS
NSE,SHAH-EQ,SHAH.NS
NSE,SHAILY-EQ,SHAILY.NS
NSE,SHAKTIPUMP-EQ,SHAKTIPUMP.NS
NSE,SHALBY-EQ,SHALBY.NS
NSE,SHANKARA-EQ,SHANKARA.NS
NSE,SHANKESH-EQ,SHANKESH.NS
NSE,SHANTI-EQ,SHANTI.NS
NSE,SHANTIGEAR-EQ,SHANTIGEAR.NS
NSE,SHANTIGOLD-EQ,SHANTIGOLD.NS
NSE,SHARDACROP-EQ,SHARDACROP.NS
NSE,SHARDAMOTR-EQ,SHARDAMOTR.NS
NSE,SHAREINDIA-EQ,SHAREINDIA.NS
NSE,SHARIABEES-EQ,SHARIABEES.NS
NSE,SHBAJRG-EQ,SHBAJRG.NS
NSE,SHERVANI-EQ,SHERVANI.NS
NSE,SHILCTECH-EQ,SHILCTECH.NS
NSE,SHILGRAVQ-EQ,SHILGRAVQ.NS
NSE,SHILPAMED-EQ,SHILPAMED.NS
NSE,SHINDL-EQ,SHINDL.NS
NSE,SHIPROCKET-EQ,SHIPROCKET.NS
NSE,SHIVAAGRO-EQ,SHIVAAGRO.NS
NSE,SHIVACEM-EQ,SHIVACEM.NS
NSE,SHIVALIK-EQ,SHIVALIK.NS
NSE,SHIVAMAUTO-EQ,SHIVAMAUTO.NS
NSE,SHIVAMILLS-EQ,SHIVAMILLS.NS
NSE,SHIVATEX-EQ,SHIVATEX.NS
NSE,SHIVAUM-EQ,SHIVAUM.NS
NSE,SHK-EQ,SHK.NS
NSE,SHOPERSTOP-EQ,SHOPERSTOP.NS
NSE,SHRADDHA-EQ,SHRADDHA.NS
NSE,SHRADHA-EQ,SHRADHA.NS
NSE,SHREDIGCEM-EQ,SHREDIGCEM.NS
NSE,SHREECEM-EQ,SHREECEM.NS
NSE,SHREEJISPG-EQ,SHREEJISPG.NS
NSE,SHREEPUSHK-EQ,SHREEPUSHK.NS
NSE,SHREERAMA-EQ,SHREERAMA.NS
NSE,SHREYANIND-EQ,SHREYANIND.NS
NSE,SHRIKRISH-EQ,SHRIKRISH.NS
NSE,SHRINGARMS-EQ,SHRINGARMS.NS
NSE,SHRIPISTON-EQ,SHRIPISTON.NS
NSE,SHRIRAMFIN-EQ,SHRIRAMFIN.NS
NSE,SHRIRAMPPS-EQ,SHRIRAMPPS.NS
NSE,SHRJAGP-EQ,SHRJAGP.NS
NSE,SHUKRAPHAR-EQ,SHUKRAPHAR.NS
NSE,SHYAMMETL-EQ,SHYAMMETL.NS
NSE,SHYAMTEL-EQ,SHYAMTEL.NS
NSE,SICAGEN-EQ,SICAGEN.NS
NSE,SIEL-EQ,SIEL.NS
NSE,SIEMENS-EQ,SIEMENS.NS
NSE,SIGACHI-EQ,SIGACHI.NS
NSE,SIGMA-EQ,SIGMA.NS
NSE,SIGNATURE-EQ,SIGNATURE.NS
NSE,SIGNPOST-EQ,SIGNPOST.NS
NSE,SIKA-EQ,SIKA.NS
NSE,SIL-EQ,SIL.NS
NSE,SILGO-EQ,SILGO.NS
NSE,SILINV-EQ,SILINV.NS
NSE,SILVER-EQ,SILVER.NS
NSE,SILVER001-EQ,SILVER001.NS
NSE,SILVER1-EQ,SILVER1.NS
NSE,SILVER360-EQ,SILVER360.NS
NSE,SILVERADD-EQ,SILVERADD.NS
NSE,SILVERAG-EQ,SILVERAG.NS
NSE,SILVERAXIS-EQ,SILVERAXIS.NS
NSE,SILVERBEES-EQ,SILVERBEES.NS
NSE,SILVERBETA-EQ,SILVERBETA.NS
NSE,SILVERBND-EQ,SILVERBND.NS
NSE,SILVERCASE-EQ,SILVERCASE.NS
NSE,SILVERIETF-EQ,SILVERIETF.NS
NSE,SILVERTUC-EQ,SILVERTUC.NS
NSE,SIMPLEXINF-EQ,SIMPLEXINF.NS
NSE,SIMPLXREA-EQ,SIMPLXREA.NS
NSE,SINCLAIR-EQ,SINCLAIR.NS
NSE,SINDHUTRAD-EQ,SINDHUTRAD.NS
NSE,SINGERIND-EQ,SINGERIND.NS
NSE,SINTERCOM-EQ,SINTERCOM.NS
NSE,SIRCA-EQ,SIRCA.NS
NSE,SIS-EQ,SIS.NS
NSE,SIYSIL-EQ,SIYSIL.NS
NSE,SJS-EQ,SJS.NS
NSE,SJVN-EQ,SJVN.NS
NSE,SKFINDIA-EQ,SKFINDIA.NS
NSE,SKFINDUS-EQ,SKFINDUS.NS
NSE,SKIPPER-EQ,SKIPPER.NS
NSE,SKMEGGPROD-EQ,SKMEGGPROD.NS
NSE,SKYGOLD-EQ,SKYGOLD.NS
NSE,SKYWAYS-EQ,SKYWAYS.NS
NSE,SMALL250-EQ,SMALL250.NS
NSE,SMALLADD-EQ,SMALLADD.NS
NSE,SMALLCAP-EQ,SMALLCAP.NS
NSE,SMALLGROWW-EQ,SMALLGROWW.NS
NSE,SMALLIETF-EQ,SMALLIETF.NS
NSE,SMARTWORKS-EQ,SMARTWORKS.NS
NSE,SMCGLOBAL-EQ,SMCGLOBAL.NS
NSE,SML100CASE-EQ,SML100CASE.NS
NSE,SMLMAH-EQ,SMLMAH.NS
NSE,SMLT-EQ,SMLT.NS
NSE,SMSPHARMA-EQ,SMSPHARMA.NS
NSE,SNOWMAN-EQ,SNOWMAN.NS
NSE,SNXT30BEES-EQ,SNXT30BEES.NS
NSE,SNXT50BETA-EQ,SNXT50BETA.NS
NSE,SOBHA-EQ,SOBHA.NS
NSE,SOFTTECH-EQ,SOFTTECH.NS
NSE,SOLARA-EQ,SOLARA.NS
NSE,SOLARINDS-EQ,SOLARINDS.NS
NSE,SOLARWORLD-EQ,SOLARWORLD.NS
NSE,SOLEX-EQ,SOLEX.NS
NSE,SOMANYCERA-EQ,SOMANYCERA.NS
NSE,SOMATEX-EQ,SOMATEX.NS
NSE,SOMICONVEY-EQ,SOMICONVEY.NS
NSE,SONACOMS-EQ,SONACOMS.NS
NSE,SONAL-EQ,SONAL.NS
NSE,SONATSOFTW-EQ,SONATSOFTW.NS
NSE,SOTL-EQ,SOTL.NS
NSE,SOUTHBANK-EQ,SOUTHBANK.NS
NSE,SOUTHWEST-EQ,SOUTHWEST.NS
NSE,SPAL-EQ,SPAL.NS
NSE,SPANDANA-EQ,SPANDANA.NS
NSE,SPARC-EQ,SPARC.NS
NSE,SPCENET-EQ,SPCENET.NS
NSE,SPENCERS-EQ,SPENCERS.NS
NSE,SPIC-EQ,SPIC.NS
NSE,SPLIL-EQ,SPLIL.NS
NSE,SPLPETRO-EQ,SPLPETRO.NS
NSE,SPMLINFRA-EQ,SPMLINFRA.NS
NSE,SPORTKING-EQ,SPORTKING.NS
NSE,SRD-EQ,SRD.NS
NSE,SRF-EQ,SRF.NS
NSE,SRGHFL-EQ,SRGHFL.NS
NSE,SRHHYPOLTD-EQ,SRHHYPOLTD.NS
NSE,SRM-EQ,SRM.NS
NSE,SRTL-EQ,SRTL.NS
NSE,SSDL-EQ,SSDL.NS
NSE,SSRETAIL-EQ,SSRETAIL.NS
NSE,SSWL-EQ,SSWL.NS
NSE,STANLEY-EQ,STANLEY.NS
NSE,STAR-EQ,STAR.NS
NSE,STARCEMENT-EQ,STARCEMENT.NS
NSE,STARHEALTH-EQ,STARHEALTH.NS
NSE,STARPAPER-EQ,STARPAPER.NS
NSE,STARTECK-EQ,STARTECK.NS
NSE,STCINDIA-EQ,STCINDIA.NS
NSE,STEAMHOUSE-EQ,STEAMHOUSE.NS
NSE,STEELCAS-EQ,STEELCAS.NS
NSE,STEELCITY-EQ,STEELCITY.NS
NSE,STEELXIND-EQ,STEELXIND.NS
NSE,STEL-EQ,STEL.NS
NSE,STLNETWORK-EQ,STLNETWORK.NS
NSE,STLSTRINF-EQ,STLSTRINF.NS
NSE,STOVEKRAFT-EQ,STOVEKRAFT.NS
NSE,STUDDS-EQ,STUDDS.NS
NSE,STYL-EQ,STYL.NS
NSE,STYLAMIND-EQ,STYLAMIND.NS
NSE,STYLEBAAZA-EQ,STYLEBAAZA.NS
NSE,STYRENIX-EQ,STYRENIX.NS
NSE,SUBEXLTD-EQ,SUBEXLTD.NS
NSE,SUBROS-EQ,SUBROS.NS
NSE,SUDARCOLOR-EQ,SUDARCOLOR.NS
NSE,SUDARSCHEM-EQ,SUDARSCHEM.NS
NSE,SUDEEPPHRM-EQ,SUDEEPPHRM.NS
NSE,SUKHJITS-EQ,SUKHJITS.NS
NSE,SULA-EQ,SULA.NS
NSE,SUMEDHA-EQ,SUMEDHA.NS
NSE,SUMEETINDS-EQ,SUMEETINDS.NS
NSE,SUMICHEM-EQ,SUMICHEM.NS
NSE,SUMIT-EQ,SUMIT.NS
NSE,SUMMITSEC-EQ,SUMMITSEC.NS
NSE,SUNCLAY-EQ,SUNCLAY.NS
NSE,SUNDARAM-EQ,SUNDARAM.NS
NSE,SUNDARMFIN-EQ,SUNDARMFIN.NS
NSE,SUNDRMFAST-EQ,SUNDRMFAST.NS
NSE,SUNDROP-EQ,SUNDROP.NS
NSE,SUNFLAG-EQ,SUNFLAG.NS
NSE,SUNLOC-EQ,SUNLOC.NS
NSE,SUNPHARMA-EQ,SUNPHARMA.NS
NSE,SUNRAKSHAK-EQ,SUNRAKSHAK.NS
NSE,SUNSHIEL-EQ,SUNSHIEL.NS
NSE,SUNSHINE-EQ,SUNSHINE.NS
NSE,SUNTECK-EQ,SUNTECK.NS
NSE,SUNTV-EQ,SUNTV.NS
NSE,SUPERHOUSE-EQ,SUPERHOUSE.NS
NSE,SUPRAJIT-EQ,SUPRAJIT.NS
NSE,SUPREME-EQ,SUPREME.NS
NSE,SUPREMEIND-EQ,SUPREMEIND.NS
NSE,SUPREMEINF-EQ,SUPREMEINF.NS
NSE,SUPRIYA-EQ,SUPRIYA.NS
NSE,SURAJEST-EQ,SURAJEST.NS
NSE,SURAJLTD-EQ,SURAJLTD.NS
NSE,SURAKSHA-EQ,SURAKSHA.NS
NSE,SURANASOL-EQ,SURANASOL.NS
NSE,SURANAT&P-EQ,SURANAT&P.NS
NSE,SURYALA-EQ,SURYALA.NS
NSE,SURYALAXMI-EQ,SURYALAXMI.NS
NSE,SURYAROSNI-EQ,SURYAROSNI.NS
NSE,SURYODAY-EQ,SURYODAY.NS
NSE,SUVEN-EQ,SUVEN.NS
NSE,SUVIDHAA-EQ,SUVIDHAA.NS
NSE,SUYOG-EQ,SUYOG.NS
NSE,SUZLON-EQ,SUZLON.NS
NSE,SVGLOBAL-EQ,SVGLOBAL.NS
NSE,SVLL-EQ,SVLL.NS
NSE,SVPGLOB-EQ,SVPGLOB.NS
NSE,SWANCORP-EQ,SWANCORP.NS
NSE,SWARAJENG-EQ,SWARAJENG.NS
NSE,SWARNSAR-EQ,SWARNSAR.NS
NSE,SWELECTES-EQ,SWELECTES.NS
NSE,SWIGGY-EQ,SWIGGY.NS
NSE,SWSOLAR-EQ,SWSOLAR.NS
NSE,SYMBIOTEC-EQ,SYMBIOTEC.NS
NSE,SYMPHONY-EQ,SYMPHONY.NS
NSE,SYNCOMF-EQ,SYNCOMF.NS
NSE,SYNGENE-EQ,SYNGENE.NS
NSE,SYRMA-EQ,SYRMA.NS
NSE,TAALTECH-EQ,TAALTECH.NS
NSE,TAINWALCHM-EQ,TAINWALCHM.NS
NSE,TAJGVK-EQ,TAJGVK.NS
NSE,TAKE-EQ,TAKE.NS
NSE,TALBROAUTO-EQ,TALBROAUTO.NS
NSE,TANAA-EQ,TANAA.NS
NSE,TANLA-EQ,TANLA.NS
NSE,TARACHAND-EQ,TARACHAND.NS
NSE,TARAPUR-EQ,TARAPUR.NS
NSE,TARC-EQ,TARC.NS
NSE,TARIL-EQ,TARIL.NS
NSE,TARMAT-EQ,TARMAT.NS
NSE,TARSONS-EQ,TARSONS.NS
NSE,TASTYBITE-EQ,TASTYBITE.NS
NSE,TATACAP-EQ,TATACAP.NS
NSE,TATACHEM-EQ,TATACHEM.NS
NSE,TATACOMM-EQ,TATACOMM.NS
NSE,TATACONSUM-EQ,TATACONSUM.NS
NSE,TATAELXSI-EQ,TATAELXSI.NS
NSE,TATAGOLD-EQ,TATAGOLD.NS
NSE,TATAINVEST-EQ,TATAINVEST.NS
NSE,TATAPOWER-EQ,TATAPOWER.NS
NSE,TATASTEEL-EQ,TATASTEEL.NS
NSE,TATATECH-EQ,TATATECH.NS
NSE,TATSILV-EQ,TATSILV.NS
NSE,TATVA-EQ,TATVA.NS
NSE,TBOTEK-EQ,TBOTEK.NS
NSE,TCC-EQ,TCC.NS
NSE,TCI-EQ,TCI.NS
NSE,TCIEXP-EQ,TCIEXP.NS
NSE,TCIFINANCE-EQ,TCIFINANCE.NS
NSE,TCPLPACK-EQ,TCPLPACK.NS
NSE,TCS-EQ,TCS.NS
NSE,TDPOWERSYS-EQ,TDPOWERSYS.NS
NSE,TEAMGTY-EQ,TEAMGTY.NS
NSE,TEAMLEASE-EQ,TEAMLEASE.NS
NSE,TECH-EQ,TECH.NS
NSE,TECHM-EQ,TECHM.NS
NSE,TECHNOCRAF-EQ,TECHNOCRAF.NS
NSE,TECHNOE-EQ,TECHNOE.NS
NSE,TECHNVISN-EQ,TECHNVISN.NS
NSE,TECILCHEM-EQ,TECILCHEM.NS
NSE,TEGA-EQ,TEGA.NS
NSE,TEJASNET-EQ,TEJASNET.NS
NSE,TEMBO-EQ,TEMBO.NS
NSE,TEMPSENS-EQ,TEMPSENS.NS
NSE,TENNIND-EQ,TENNIND.NS
NSE,TERAI-EQ,TERAI.NS
NSE,TERASOFT-EQ,TERASOFT.NS
NSE,TEXINFRA-EQ,TEXINFRA.NS
NSE,TEXMOPIPES-EQ,TEXMOPIPES.NS
NSE,TEXRAIL-EQ,TEXRAIL.NS
NSE,TFCILTD-EQ,TFCILTD.NS
NSE,TFL-EQ,TFL.NS
NSE,TGBHOTELS-EQ,TGBHOTELS.NS
NSE,TGVSL-EQ,TGVSL.NS
NSE,THACKER-EQ,THACKER.NS
NSE,THAKDEV-EQ,THAKDEV.NS
NSE,THANGAMAYL-EQ,THANGAMAYL.NS
NSE,THEINVEST-EQ,THEINVEST.NS
NSE,THEJO-EQ,THEJO.NS
NSE,THELEELA-EQ,THELEELA.NS
NSE,THEMISMED-EQ,THEMISMED.NS
NSE,THERMAX-EQ,THERMAX.NS
NSE,THOMASCOOK-EQ,THOMASCOOK.NS
NSE,THOMASCOTT-EQ,THOMASCOTT.NS
NSE,THYROCARE-EQ,THYROCARE.NS
NSE,TI-EQ,TI.NS
NSE,TIGERLOGS-EQ,TIGERLOGS.NS
NSE,TIIL-EQ,TIIL.NS
NSE,TIINDIA-EQ,TIINDIA.NS
NSE,TIMETECHNO-EQ,TIMETECHNO.NS
NSE,TIMEX-EQ,TIMEX.NS
NSE,TIMKEN-EQ,TIMKEN.NS
NSE,TINNARUBR-EQ,TINNARUBR.NS
NSE,TIPSFILMS-EQ,TIPSFILMS.NS
NSE,TIPSMUSIC-EQ,TIPSMUSIC.NS
NSE,TIRUMALCHM-EQ,TIRUMALCHM.NS
NSE,TITAGARH-EQ,TITAGARH.NS
NSE,TITAN-EQ,TITAN.NS
NSE,TMB-EQ,TMB.NS
NSE,TMCV-EQ,TMCV.NS
NSE,TMPV-EQ,TMPV.NS
NSE,TNIDETF-EQ,TNIDETF.NS
NSE,TNPETRO-EQ,TNPETRO.NS
NSE,TNPL-EQ,TNPL.NS
NSE,TNTELE-EQ,TNTELE.NS
NSE,TOKYOPLAST-EQ,TOKYOPLAST.NS
NSE,TOLINS-EQ,TOLINS.NS
NSE,TOP100CASE-EQ,TOP100CASE.NS
NSE,TOP10ADD-EQ,TOP10ADD.NS
NSE,TOP15IETF-EQ,TOP15IETF.NS
NSE,TOP20-EQ,TOP20.NS
NSE,TORNTPHARM-EQ,TORNTPHARM.NS
NSE,TORNTPOWER-EQ,TORNTPOWER.NS
NSE,TOUCHWOOD-EQ,TOUCHWOOD.NS
NSE,TOYAMSL-EQ,TOYAMSL.NS
NSE,TPLPLASTEH-EQ,TPLPLASTEH.NS
NSE,TRACXN-EQ,TRACXN.NS
NSE,TRANSCOR-EQ,TRANSCOR.NS
NSE,TRANSRAILL-EQ,TRANSRAILL.NS
NSE,TRAVELFOOD-EQ,TRAVELFOOD.NS
NSE,TREEHOUSE-EQ,TREEHOUSE.NS
NSE,TREJHARA-EQ,TREJHARA.NS
NSE,TREL-EQ,TREL.NS
NSE,TRENT-EQ,TRENT.NS
NSE,TRF-EQ,TRF.NS
NSE,TRIDENT-EQ,TRIDENT.NS
NSE,TRIGYN-EQ,TRIGYN.NS
NSE,TRITONV-EQ,TRITONV.NS
NSE,TRITURBINE-EQ,TRITURBINE.NS
NSE,TRIVENI-EQ,TRIVENI.NS
NSE,TRU-EQ,TRU.NS
NSE,TRUALT-EQ,TRUALT.NS
NSE,TSFINV-EQ,TSFINV.NS
NSE,TTKHLTCARE-EQ,TTKHLTCARE.NS
NSE,TTKPRESTIG-EQ,TTKPRESTIG.NS
NSE,TTL-EQ,TTL.NS
NSE,TTML-EQ,TTML.NS
NSE,TURTLEMINT-EQ,TURTLEMINT.NS
NSE,TUTIALKA-EQ,TUTIALKA.NS
NSE,TVSELECT-EQ,TVSELECT.NS
NSE,TVSHLTD-EQ,TVSHLTD.NS
NSE,TVSMOTOR-EQ,TVSMOTOR.NS
NSE,TVSSCS-EQ,TVSSCS.NS
NSE,TVSSRICHAK-EQ,TVSSRICHAK.NS
NSE,TVTODAY-EQ,TVTODAY.NS
NSE,TWCGOLDETF-EQ,TWCGOLDETF.NS
NSE,UBL-EQ,UBL.NS
NSE,UCOBANK-EQ,UCOBANK.NS
NSE,UDAYJEW-EQ,UDAYJEW.NS
NSE,UDS-EQ,UDS.NS
NSE,UEL-EQ,UEL.NS
NSE,UFLEX-EQ,UFLEX.NS
NSE,UFO-EQ,UFO.NS
NSE,UGARSUGAR-EQ,UGARSUGAR.NS
NSE,UGROCAP-EQ,UGROCAP.NS
NSE,UJJIVANSFB-EQ,UJJIVANSFB.NS
NSE,ULTRACEMCO-EQ,ULTRACEMCO.NS
NSE,ULTRAMAR-EQ,ULTRAMAR.NS
NSE,UMESLTD-EQ,UMESLTD.NS
NSE,UMIYA-MRO-EQ,UMIYA-MRO.NS
NSE,UNICHEMLAB-EQ,UNICHEMLAB.NS
NSE,UNIDT-EQ,UNIDT.NS
NSE,UNIECOM-EQ,UNIECOM.NS
NSE,UNIENTER-EQ,UNIENTER.NS
NSE,UNIINFO-EQ,UNIINFO.NS
NSE,UNIMECH-EQ,UNIMECH.NS
NSE,UNIONBANK-EQ,UNIONBANK.NS
NSE,UNIONGOLD-EQ,UNIONGOLD.NS
NSE,UNIPARTS-EQ,UNIPARTS.NS
NSE,UNITDSPR-EQ,UNITDSPR.NS
NSE,UNITECH-EQ,UNITECH.NS
NSE,UNITEDPOLY-EQ,UNITEDPOLY.NS
NSE,UNITEDTEA-EQ,UNITEDTEA.NS
NSE,UNIVCABLES-EQ,UNIVCABLES.NS
NSE,UNOMINDA-EQ,UNOMINDA.NS
NSE,UPHOT-EQ,UPHOT.NS
NSE,UPL-EQ,UPL.NS
NSE,URBANCO-EQ,URBANCO.NS
NSE,URJA-EQ,URJA.NS
NSE,USHAMART-EQ,USHAMART.NS
NSE,USK-EQ,USK.NS
NSE,UTIAMC-EQ,UTIAMC.NS
NSE,UTKARSHBNK-EQ,UTKARSHBNK.NS
NSE,UTLSOLAR-EQ,UTLSOLAR.NS
NSE,UTTAMSUGAR-EQ,UTTAMSUGAR.NS
NSE,V1NSETEST-EQ,V1NSETEST.NS
NSE,V2RETAIL-EQ,V2RETAIL.NS
NSE,VADILALIND-EQ,VADILALIND.NS
NSE,VADILENT-EQ,VADILENT.NS
NSE,VAIBHAVGBL-EQ,VAIBHAVGBL.NS
NSE,VAISHALI-EQ,VAISHALI.NS
NSE,VAKRANGEE-EQ,VAKRANGEE.NS
NSE,VAL30IETF-EQ,VAL30IETF.NS
NSE,VALIANTORG-EQ,VALIANTORG.NS
NSE,VALUE-EQ,VALUE.NS
NSE,VALUEAXIS-EQ,VALUEAXIS.NS
NSE,VAML-EQ,VAML.NS
NSE,VARDMNPOLY-EQ,VARDMNPOLY.NS
NSE,VARROC-EQ,VARROC.NS
NSE,VASCONEQ-EQ,VASCONEQ.NS
NSE,VASUPRADA-EQ,VASUPRADA.NS
NSE,VASWANI-EQ,VASWANI.NS
NSE,VBL-EQ,VBL.NS
NSE,VEDAVAAG-EQ,VEDAVAAG.NS
NSE,VEDL-EQ,VEDL.NS
NSE,VEDPOWER-EQ,VEDPOWER.NS
NSE,VEEDOL-EQ,VEEDOL.NS
NSE,VENKEYS-EQ,VENKEYS.NS
NSE,VENTIVE-EQ,VENTIVE.NS
NSE,VENUSPIPES-EQ,VENUSPIPES.NS
NSE,VENUSREM-EQ,VENUSREM.NS
NSE,VERANDA-EQ,VERANDA.NS
NSE,VERTOZ-EQ,VERTOZ.NS
NSE,VESUVIUS-EQ,VESUVIUS.NS
NSE,VETO-EQ,VETO.NS
NSE,VGCL-EQ,VGCL.NS
NSE,VGL-EQ,VGL.NS
NSE,VGUARD-EQ,VGUARD.NS
NSE,VHL-EQ,VHL.NS
NSE,VIDHIING-EQ,VIDHIING.NS
NSE,VIDYAWIRES-EQ,VIDYAWIRES.NS
NSE,VIJAYA-EQ,VIJAYA.NS
NSE,VIJSOLX-EQ,VIJSOLX.NS
NSE,VIKASECO-EQ,VIKASECO.NS
NSE,VIKASLIFE-EQ,VIKASLIFE.NS
NSE,VIKRAMSOLR-EQ,VIKRAMSOLR.NS
NSE,VIKRAN-EQ,VIKRAN.NS
NSE,VIMTALABS-EQ,VIMTALABS.NS
NSE,VINATIORGA-EQ,VINATIORGA.NS
NSE,VINCOFE-EQ,VINCOFE.NS
NSE,VINDHYATEL-EQ,VINDHYATEL.NS
NSE,VINEETLAB-EQ,VINEETLAB.NS
NSE,VINNY-EQ,VINNY.NS
NSE,VINYLINDIA-EQ,VINYLINDIA.NS
NSE,VIPCLOTHNG-EQ,VIPCLOTHNG.NS
NSE,VIPIND-EQ,VIPIND.NS
NSE,VIRAT-EQ,VIRAT.NS
NSE,VIRINCHI-EQ,VIRINCHI.NS
NSE,VISACHROME-EQ,VISACHROME.NS
NSE,VISAKAIND-EQ,VISAKAIND.NS
NSE,VISHAL-EQ,VISHAL.NS
NSE,VISHNU-EQ,VISHNU.NS
NSE,VISHWARAJ-EQ,VISHWARAJ.NS
NSE,VISL-EQ,VISL.NS
NSE,VITAL-EQ,VITAL.NS
NSE,VIVIANA-EQ,VIVIANA.NS
NSE,VIVIDHA-EQ,VIVIDHA.NS
NSE,VIVOBIOT-EQ,VIVOBIOT.NS
NSE,VIYASH-EQ,VIYASH.NS
NSE,VLEGOV-EQ,VLEGOV.NS
NSE,VLSFINANCE-EQ,VLSFINANCE.NS
NSE,VMART-EQ,VMART.NS
NSE,VMM-EQ,VMM.NS
NSE,VMSTMT-EQ,VMSTMT.NS
NSE,VOEPL-EQ,VOEPL.NS
NSE,VOGL-EQ,VOGL.NS
NSE,VOITHPAPR-EQ,VOITHPAPR.NS
NSE,VOLTAMP-EQ,VOLTAMP.NS
NSE,VOLTAS-EQ,VOLTAS.NS
NSE,VPRPL-EQ,VPRPL.NS
NSE,VRAJ-EQ,VRAJ.NS
NSE,VRLLOG-EQ,VRLLOG.NS
NSE,VSSL-EQ,VSSL.NS
NSE,VSTIND-EQ,VSTIND.NS
NSE,VSTL-EQ,VSTL.NS
NSE,VSTTILLERS-EQ,VSTTILLERS.NS
NSE,VTL-EQ,VTL.NS
NSE,VTMLTD-EQ,VTMLTD.NS
NSE,WAAREEENER-EQ,WAAREEENER.NS
NSE,WAAREEINDO-EQ,WAAREEINDO.NS
NSE,WAAREERTL-EQ,WAAREERTL.NS
NSE,WABAG-EQ,WABAG.NS
NSE,WAKEFIT-EQ,WAKEFIT.NS
NSE,WALCHANNAG-EQ,WALCHANNAG.NS
NSE,WANBURY-EQ,WANBURY.NS
NSE,WARDINMOBI-EQ,WARDINMOBI.NS
NSE,WATERBASE-EQ,WATERBASE.NS
NSE,WCIL-EQ,WCIL.NS
NSE,WEALTH-EQ,WEALTH.NS
NSE,WEBELSOLAR-EQ,WEBELSOLAR.NS
NSE,WEIZMANIND-EQ,WEIZMANIND.NS
NSE,WEL-EQ,WEL.NS
NSE,WELCORP-EQ,WELCORP.NS
NSE,WELENT-EQ,WELENT.NS
NSE,WELSPLSOL-EQ,WELSPLSOL.NS
NSE,WELSPUNLIV-EQ,WELSPUNLIV.NS
NSE,WENDT-EQ,WENDT.NS
NSE,WESTLIFE-EQ,WESTLIFE.NS
NSE,WEWIN-EQ,WEWIN.NS
NSE,WEWORK-EQ,WEWORK.NS
NSE,WHBRADY-EQ,WHBRADY.NS
NSE,WHEELS-EQ,WHEELS.NS
NSE,WHIRLPOOL-EQ,WHIRLPOOL.NS
NSE,WILLAMAGOR-EQ,WILLAMAGOR.NS
NSE,WINDLAS-EQ,WINDLAS.NS
NSE,WINDMACHIN-EQ,WINDMACHIN.NS
NSE,WIPL-EQ,WIPL.NS
NSE,WIPRO-EQ,WIPRO.NS
NSE,WOCKPHARMA-EQ,WOCKPHARMA.NS
NSE,WONDERLA-EQ,WONDERLA.NS
NSE,WORTHPERI-EQ,WORTHPERI.NS
NSE,WPIL-EQ,WPIL.NS
NSE,WSI-EQ,WSI.NS
NSE,WSTCSTPAPR-EQ,WSTCSTPAPR.NS
NSE,XCHANGING-EQ,XCHANGING.NS
NSE,XELPMOC-EQ,XELPMOC.NS
NSE,XPROINDIA-EQ,XPROINDIA.NS
NSE,XTGLOBAL-EQ,XTGLOBAL.NS
NSE,XTRANET-EQ,XTRANET.NS
NSE,YASHO-EQ,YASHO.NS
NSE,YATHARTH-EQ,YATHARTH.NS
NSE,YATRA-EQ,YATRA.NS
NSE,YESBANK-EQ,YESBANK.NS
NSE,YOGI-EQ,YOGI.NS
NSE,YUKEN-EQ,YUKEN.NS
NSE,ZAGGLE-EQ,ZAGGLE.NS
NSE,ZEEL-EQ,ZEEL.NS
NSE,ZEELEARN-EQ,ZEELEARN.NS
NSE,ZEEMEDIA-EQ,ZEEMEDIA.NS
NSE,ZENITHEXPO-EQ,ZENITHEXPO.NS
NSE,ZENITHSTL-EQ,ZENITHSTL.NS
NSE,ZENSARTECH-EQ,ZENSARTECH.NS
NSE,ZENTEC-EQ,ZENTEC.NS
NSE,ZFCVINDIA-EQ,ZFCVINDIA.NS
NSE,ZFSTEERING-EQ,ZFSTEERING.NS
NSE,ZIMLAB-EQ,ZIMLAB.NS
NSE,ZODIAC-EQ,ZODIAC.NS
NSE,ZODIACLOTH-EQ,ZODIACLOTH.NS
NSE,ZOTA-EQ,ZOTA.NS
NSE,ZSARACOM-EQ,ZSARACOM.NS
NSE,ZUARI-EQ,ZUARI.NS
NSE,ZUARIIND-EQ,ZUARIIND.NS
NSE,ZYDUSLIFE-EQ,ZYDUSLIFE.NS
NSE,ZYDUSWELL-EQ,ZYDUSWELL.NS
